id,statemet,Istvan's annot,compar_result,suggested_annot
1,Ocellar corona,HAO:0000234(cranium),none,HAO:0000013(cell); HAO:0001091(wing cell)
2,Supraantennal groove or depression,HAO:0001432(antennal scrobe),none,HAO:0000101(antenna); HAO:0000241(depression); HAO:0000417(impression)
3,Notch on medial margin of eye,HAO:0000419(inner orbit),original is finer,HAO:0000217(compound eye); HAO:0000510(margin); HAO:0000519(medial vein); HAO:0001981(margin)
4,Position of toruli relative to eyes,HAO:0001022(torulus),none,HAO:0000217(compound eye)
5,Position of toruli relative to clypeus,HAO:0001022(torulus),none,HAO:0000212(clypeus)
6,Subantennal shelf,HAO:0000105(antennal shelf),original is subset,HAO:0000101(antenna); HAO:0000105(antennal shelf)
7,Inner margin of torulus,HAO:0001022(torulus),original is subset,HAO:0000103(antennal rim); HAO:0000510(margin); HAO:0001022(torulus); HAO:0001981(margin)
8,Subantennal groove,HAO:0000965(subantennal groove),original is finer,HAO:0000101(antenna); HAO:0000417(impression)
9,Clypeus,HAO:0000212(clypeus),none,)
10,Mandibular foramen,HAO:0000670(oral foramen),original is finer,HAO:0000345(foramen)
11,Occipital sulcus and ridge,HAO:0000656(occipital sulcus),original is finer,HAO:0000188(carina); HAO:0000241(depression); HAO:0000718(pit); HAO:0000899(ridge); HAO:0000978(sulcus)
12,Position  occipital foramen,HAO:0000347(occipital foramen),original is subset,HAO:0000241(depression); HAO:0000347(occipital foramen); HAO:0000718(pit)
13,Position  posterior tentorial pits,HAO:0000768(posterior tentorial pit),original is subset,HAO:0000241(depression); HAO:0000768(posterior tentorial pit)
14,Sclerotization between occipital and oral foramina,HAO:0001218(subforaminal bridge),none,HAO:0000241(depression); HAO:0000718(pit)
15,Ventral sclerotization configuration,HAO:0001218(subforaminal bridge),none,)
16,Postoccipital bridge,HAO:0001218(subforaminal bridge),none,HAO:0000188(carina); HAO:0000241(depression); HAO:0000718(pit); HAO:0000899(ridge)
17,Longitudinal sulci on ventral head sclerotization,HAO:0001218(sulcus); HAO:0000978(subforaminal bridge),original is finer,HAO:0000397(head)
18,Occipital carina,HAO:0000653(occipital carina),original is finer,HAO:0000188(carina); HAO:0000241(depression); HAO:0000718(pit)
19,Occipital carina configuration,HAO:0000653(occipital carina),original is finer,HAO:0000188(carina); HAO:0000241(depression); HAO:0000718(pit)
20,Dorsal tentorial arm,HAO:0000275(dorsal tentorial arm),original is finer,HAO:0000997(tentorial arm)
21,Shape  tentorial bridge,HAO:0000998(tentorial bridge),original is subset,HAO:0000188(carina); HAO:0000899(ridge); HAO:0000998(tentorial bridge)
22,Corpotendon on tentorial bridge,HAO:0002479(corpotendon),original is finer,HAO:0000188(carina); HAO:0000899(ridge); HAO:0000996(tendon); HAO:0000998(tentorial bridge)
23,Position of labrum,HAO:0000456(labrum),identical,HAO:0000456(labrum)
24,Shape of labrum,HAO:0000456(labrum),identical,HAO:0000456(labrum)
25,Labrum,HAO:0000456(labrum),none,)
26,Exposure of labrum,HAO:0000456(labrum),identical,HAO:0000456(labrum)
27,Distal epipharyngeal wall,HAO:0000300(epipharyngeal wall),original is subset,HAO:0000300(epipharyngeal wall); HAO:0001739(pharyngeal wall)
28,Lateral epipharyngeal brush,HAO:0000301(epipharynx),none,HAO:0001765(epipharyngeal brush)
29,Epipharyngeal lobe,HAO:0000301(epipharynx),original is finer,HAO:0001587(lobe)
30,Epipharyngeal setae,HAO:0001765(epipharyngeal brush),none,HAO:0000935(seta); HAO:0002299(sensillum trichodeum)
31,Tormae,HAO:0001630(torma),none,)
32,Sclerotization of labrum,HAO:0000456(labrum),identical,HAO:0000456(labrum)
33,Thickness of labrum,HAO:0000456(labrum),identical,HAO:0000456(labrum)
34,Labral setation,HAO:0000456(labrum),none,HAO:0000935(seta); HAO:0002299(sensillum trichodeum)
35,Labral apodemes,HAO:0001550(labral apodeme),none,HAO:0000142(apodeme)
36,Sitophore,HAO:0000939(sitophore),none,)
37,Sitophore sensillae,HAO:0000939(sitophore),none,)
38,Hypopharyngeal lobe,HAO:0001565(hypopharyngeal lobe),original is finer,HAO:0001587(lobe)
39,Infrabuccal pouch,HAO:0001563(infrabuccal pouch),original is finer,HAO:0001808(pouch)
40,Hypopharyngeal pectens,HAO:0002214(hypopharyngeal pecten),none,HAO:0001180(basitarsal comb)
41,Left mandible dentition,HAO:0001019(tooth),original is finer,HAO:0000506(mandible)
42,Dentition of right mandible relative to left,HAO:0001019(tooth),original is finer,HAO:0000506(mandible)
43,Mola on right mandible,HAO:0002480(mola),original is finer,HAO:0000506(mandible)
44,Mandibular peg on ventral margin,HAO:0000506(mandible),none,HAO:0000510(margin); HAO:0001981(margin)
45,Mandibular rods glands,HAO:0002481(mandibular rod),none,HAO:0000375(gland)
46,Lateral articulation of mandible,HAO:0000508(mandibular condyle),original is finer,HAO:0000151(articulation); HAO:0000506(mandible); HAO:0001485(articular surface)
47,Lateral mandibular muscle attachment,HAO:0000108(posterior cranio-mandibular muscle),original is finer,HAO:0000516(medial 9th sterno-cupulal muscle); HAO:0001779(mandibular muscle); HAO:0002114(first intrinsic muscle of the maxillary palp)
48,Shape of glossa  alaglossa ,HAO:0000376(glossa),identical,HAO:0000376(glossa)
49,Setation of glossa,HAO:0000376(glossa),identical,HAO:0000376(glossa)
50,Glossal fringe,HAO:0002210(apical glossal setae),none,)
51,Submarginal setae of glassa,HAO:0002209(apical glossal hairs),original is finer,HAO:0000510(margin); HAO:0000511(marginal cilia); HAO:0000935(seta); HAO:0001981(margin); HAO:0002299(sensillum trichodeum)
52,Campaniform sensillae,HAO:0002212(campaniform sensillum of the glossa),none,)
53,Acroglossal button,HAO:0002232(paraglossal acroglossal button),none,HAO:0000376(glossa)
54,Glossal margin,HAO:0002206(distal glossal edge),original is finer,HAO:0000510(margin); HAO:0001981(margin)
55,Paraglossae,HAO:0000686(paraglossa),none,HAO:0000376(glossa)
56,Paraglossal basal setation,HAO:0000686(paraglossa),none,HAO:0000376(glossa); HAO:0000935(seta); HAO:0002299(sensillum trichodeum)
57,Number of labial palp segments,HAO:0002246(labial palpomere),original is finer,HAO:0000450(labial palp); HAO:0000929(segment)
58,Rod like sensilla,HAO:0002482(apical peg),none,)
59,Subapical sensilla,HAO:0000933(sensillum); HAO:0001866(palpomere),none,)
60,Postmentum,HAO:0000785(postmentum),none,HAO:0000534(mentum); HAO:0000804(prementum); HAO:0002149(postarticular portion of the postmentum)
61,Number of maxillary palp segments,HAO:0002183(sclerite of the maxillary palp),original is finer,HAO:0000155(axilla); HAO:0000515(maxillary palp)
62,Maxillary palp shape,HAO:0002183(sclerite of the maxillary palp),original is finer,HAO:0000155(axilla); HAO:0000683(palpus)
63,Sensillum on third maxillary palpomere,HAO:0002112(sensillum); HAO:0000933(third sclerite of the maxillary palp),none,HAO:0000096(annulus); HAO:0000155(axilla); HAO:0001866(palpomere); HAO:0002183(sclerite of the maxillary palp)
64,Third maxillary palpomere,HAO:0002112(third sclerite of the maxillary palp),none,HAO:0000096(annulus); HAO:0000155(axilla); HAO:0001866(palpomere); HAO:0002183(sclerite of the maxillary palp)
65,Shape of lacinia,HAO:0000457(lacinial lobe),original is subset,HAO:0000385(gonossiculus); HAO:0000457(lacinial lobe)
66,Galea shape,HAO:0000368(galea),none,)
67,Galea division,HAO:0000368(galea),none,)
68,Stipes sensillum,HAO:0000958(sensillum); HAO:0000933(stipes),auto_annot is subset,HAO:0000933(sensillum)
69,Pronotum shape anteriorly,HAO:0000853(pronotum),original is finer,HAO:0000650(notum); HAO:0001006(tergum)
70,Pronotum  anteroventral longitudinal carinae,HAO:0000853(carina); HAO:0000188(pronotum),partial,HAO:0000188(carina); HAO:0000650(notum); HAO:0001006(tergum)
71,Pronotum  submedian depressions,HAO:0002287(pronotal fovea),original is finer,HAO:0000241(depression); HAO:0000519(medial vein); HAO:0000650(notum); HAO:0001006(tergum)
72,Pronotum  length,HAO:0000853(pronotum); HAO:0002272(median anatomical line),original is finer,HAO:0000650(notum); HAO:0001006(tergum)
73,Pronotum orientation,HAO:0000853(pronotum),original is finer,HAO:0000650(notum); HAO:0001006(tergum)
74,Pronotum  transverse carina,HAO:0001031(transverse pronotal carina),original is finer,HAO:0000650(notum); HAO:0001006(tergum); HAO:0001930(transverse propodeal carina)
75,Pronotum  anterior surface,HAO:0000853(pronotum),original is finer,HAO:0000502(lower face); HAO:0000650(notum); HAO:0001006(tergum); HAO:0002011(face); HAO:0002208(anterior surface of the glossa)
76,Pronotum  dorsomedially,HAO:0000131(anteromedian pronotal ridge); HAO:0000855(prophragma),original is finer,HAO:0000519(medial vein); HAO:0000650(notum); HAO:0001006(tergum)
77,Pronotum  submedian apodemes,HAO:0001852(submedian pronotal apodeme),original is finer,HAO:0000142(apodeme); HAO:0000519(medial vein); HAO:0000650(notum); HAO:0001006(tergum)
78,Pronotum  anterolateral corners,HAO:0000840(pronotal shoulder),original is finer,HAO:0000223(corner); HAO:0000650(notum); HAO:0001006(tergum)
79,Pronotum  anterolateral internal carina,HAO:0000853(carina); HAO:0000188(pronotum),partial,HAO:0000188(carina); HAO:0000650(notum); HAO:0001006(tergum)
80,Pronotum  posterodorsal corner,HAO:0000770(posterodorsal edge of pronotum),original is finer,HAO:0000223(corner); HAO:0000650(notum); HAO:0001006(tergum)
81,Pronotum  posterolateral margin,HAO:0000836(pronotal lobe),original is finer,HAO:0000510(margin); HAO:0000650(notum); HAO:0001006(tergum); HAO:0001981(margin)
82,Pronotum  anterior spiracle,HAO:0000582(anterior thoracic spiracle),original is finer,HAO:0000650(notum); HAO:0000950(spiracle); HAO:0001006(tergum)
83,Pronotum  mesopleural attachment,HAO:0000853(mesopleuron); HAO:0000566(pronotum),original is finer,HAO:0000650(notum); HAO:0001006(tergum)
84,Pronotum  lateroventral corners,HAO:0001055(ventral bridge of the pronotum),original is finer,HAO:0000223(corner); HAO:0000650(notum); HAO:0001006(tergum)
85,Prepectus,HAO:0000811(prepectus),none,HAO:0000705(pectus)
86,Prepectus,HAO:0000811(prepectus),none,HAO:0000705(pectus)
87,Prepectus  pronotal inflection,HAO:0000761(posterior pronotal inflection),original is finer,HAO:0000418(inflection); HAO:0000705(pectus)
88,Prepectus inflection  dorsal extent,HAO:0000811(anterior thoracic spiracle); HAO:0000582(prepectus),none,HAO:0000418(inflection); HAO:0000705(pectus)
89,Prepectus inflection  ventral configuration,HAO:0000811(prepectus),none,HAO:0000418(inflection); HAO:0000705(pectus)
90,Position of occlusor muscle apodeme,HAO:0001285(occlusor muscle apodeme of the mesothoracic spiracle),original is subset,HAO:0000516(medial 9th sterno-cupulal muscle); HAO:0000659(occlusor muscle apodeme); HAO:0001285(occlusor muscle apodeme of the mesothoracic spiracle); HAO:0002114(first intrinsic muscle of the maxillary palp)
91,Position  anterior thoracic spiracle,HAO:0000582(anterior thoracic spiracle),identical,HAO:0000582(anterior thoracic spiracle)
92,Projection ventrad anterior spiracle,HAO:0000582(anterior thoracic spiracle); HAO:0000829(projection),original is finer,HAO:0000950(spiracle)
93,Propleura  cervical prominences,HAO:0000193(cervical prominence),identical,HAO:0000193(cervical prominence)
94,Propleura  position of cervical prominences,HAO:0000193(cervical prominence),identical,HAO:0000193(cervical prominence)
95,Propleuron  cervical apodeme,HAO:0000192(cervical apodeme),identical,HAO:0000192(cervical apodeme)
96,Propleuron  cervical apodeme configuration,HAO:0000192(cervical apodeme),identical,HAO:0000192(cervical apodeme)
97,Propleuron  cervical lines,HAO:0001284(cranial condyle of the propleuron),original is finer,HAO:0000729(pleuron); HAO:0001586(line)
98,Propleura  dorsal part,HAO:0000270(dorsal propleural area),none,)
99,Dorsal margins of propleura,HAO:0000862(propleuron),none,HAO:0000510(margin); HAO:0001981(margin)
100,Propleuron  propleural arm,HAO:0000856(propleural arm),identical,HAO:0000856(propleural arm)
101,Configuration of propleural arms,HAO:0000856(profurca); HAO:0000825(propleural arm),auto_annot is subset,HAO:0000856(propleural arm)
102,Propleura  lateroventral carina,HAO:0000497(longitudinal carina of the propleuron),original is finer,HAO:0000188(carina)
103,Propleura  median margins,HAO:0000862(propleuron); HAO:0000873(prosternum),none,HAO:0000510(margin); HAO:0000519(medial vein); HAO:0001981(margin)
104,Propleura  epicoxal lobes,HAO:0000295(epicoxal lobe),original is subset,HAO:0000228(coxa); HAO:0000295(epicoxal lobe); HAO:0001587(lobe)
105,Propleura  posterolateral groove,HAO:0000862(pronotum); HAO:0000853(propleuron),none,HAO:0000417(impression)
106,Propleura  prothoracic katepisterna,HAO:0002500(prothoracic katepisternum),none,)
107,Propleuron  katepisternum configuration,HAO:0002500(prothoracic katepisternum),none,HAO:0000303(episternum); HAO:0000955(sternite)
108,Prosternum  anteroventral part,HAO:0000873(propleuron); HAO:0000862(prosternum),none,HAO:0000955(sternite)
109,Prosternal spine,HAO:0000123(anterior process of the prosternum),none,HAO:0000949(spine)
110,Prosternum  laterosternal sclerites,HAO:0002501(laterosternal sclerite),original is subset,HAO:0000955(sternite); HAO:0002501(laterosternal sclerite)
111,Prosternum  subdivision,HAO:0000871(prosternal incision),none,HAO:0000955(sternite)
112,Profurca  number of profurcal pits,HAO:0000827(profurcal pit),original is subset,HAO:0000241(depression); HAO:0000364(furca); HAO:0000825(profurca); HAO:0000827(profurcal pit)
113,Profurca  anterior apodemes,HAO:0000124(anterior profurcal lamella),none,HAO:0000364(furca)
114,Profurca  bridge,HAO:0001906(profurcal bridge),none,HAO:0000188(carina); HAO:0000364(furca); HAO:0000899(ridge)
115,Profurca  articulation with propleuron,HAO:0000825(profurca); HAO:0000862(propleuron),partial,HAO:0000151(articulation); HAO:0000364(furca); HAO:0000862(propleuron); HAO:0001485(articular surface)
116,Foreleg  procoxa,HAO:0001315(procoxal foramen),none,HAO:0001122(procoxa)
117,Foreleg  procoxal transverse carina,HAO:0000188(carina); HAO:0001122(procoxa),partial,HAO:0001122(procoxa); HAO:0001930(transverse propodeal carina)
118,Foreleg  protibial furrow,HAO:0000978(fore tibia); HAO:0000350(sulcus),original is subset,HAO:0000350(fore tibia); HAO:0000901(row); HAO:0000978(sulcus)
119,Foreleg  calcar,HAO:0000875(protibial spur),original is subset,HAO:0000185(calcar); HAO:0000875(protibial spur)
120,Foreleg  posterior apical protibial spur,HAO:0000875(protibial spur),identical,HAO:0000875(protibial spur)
121,Foreleg  probasitarsal notches,HAO:0000177(basitarsal notch),identical,HAO:0000177(basitarsal notch)
122,Foreleg  probasitarsal combs,HAO:0001180(basitarsal comb),identical,HAO:0001180(basitarsal comb)
123,Foreleg  probasitarsal spur,HAO:0001106(spur); HAO:0000951(probasitarsus),partial,HAO:0000494(leg); HAO:0000951(spur)
124,Mesonotum  prophragma,HAO:0000855(prophragma),original is subset,HAO:0000650(notum); HAO:0000855(prophragma); HAO:0001006(tergum)
125,Mesonotum  prophragma shape,HAO:0000855(prophragma),original is subset,HAO:0000650(notum); HAO:0000855(prophragma); HAO:0001006(tergum)
126,Mesonotum  prophragma laterally,HAO:0000855(prophragma),original is subset,HAO:0000650(notum); HAO:0000855(prophragma); HAO:0001006(tergum)
127,Mesonotum  anterior mesoscutal sulcus,HAO:0001080(vertical lobe of mesoscutum),original is finer,HAO:0000650(notum); HAO:0000978(sulcus); HAO:0001006(tergum)
128,Mesonotum  anterior mesoscutal sulcus configuration,HAO:0001080(vertical lobe of mesoscutum),original is finer,HAO:0000650(notum); HAO:0000978(sulcus); HAO:0001006(tergum)
129,Mesonotum  median mesoscutal sulcus and ridge,HAO:0000523(median mesoscutal sulcus),original is subset,HAO:0000188(carina); HAO:0000519(medial vein); HAO:0000523(median mesoscutal sulcus); HAO:0000899(ridge); HAO:0001006(tergum)
130,Mesonotum  anteroadmedian signum,HAO:0000128(anteroadmedian line),original is subset,HAO:0000128(anteroadmedian line); HAO:0000519(medial vein); HAO:0001006(tergum)
131,Mesonotum  notauli,HAO:0000647(notaulus),original is subset,HAO:0000647(notaulus); HAO:0001006(tergum)
132,Mesonotum  notauli configuration,HAO:0000647(notaulus); HAO:0001027(transscutal fissure),partial,HAO:0000647(notaulus); HAO:0001006(tergum)
133,Mesonotum  parapside,HAO:0000694(parapsidal line),none,HAO:0000466(lateral area of the mesoscutum); HAO:0001006(tergum)
134,Mesonotum  parascutal carina,HAO:0000697(parascutal carina),original is subset,HAO:0000697(parascutal carina); HAO:0001006(tergum)
135,Mesonotum  transscutal articulation,HAO:0001204(transscutal articulation),original is subset,HAO:0000151(articulation); HAO:0000650(notum); HAO:0001006(tergum); HAO:0001204(transscutal articulation); HAO:0001485(articular surface); HAO:0001623(transscutal impression)
136,Mesonotum  transscutal carina,HAO:0002502(transscutal ridge),none,HAO:0000188(carina); HAO:0000650(notum); HAO:0001006(tergum)
137,Mesonotum  size of dorsal axillar surface,HAO:0000252(dorsal axillar area),original is subset,HAO:0000252(dorsal axillar area); HAO:0000502(lower face); HAO:0000650(notum); HAO:0001006(tergum); HAO:0002011(face)
138,Mesonotum  axillar carina,HAO:0000156(axillar carina),original is subset,HAO:0000156(axillar carina); HAO:0000188(carina); HAO:0000650(notum); HAO:0001006(tergum)
139,Mesonotum  lateral corners of axilla,HAO:0000155(axilla),original is subset,HAO:0000155(axilla); HAO:0000223(corner); HAO:0000650(notum); HAO:0001006(tergum)
140,Mesonotum  axillar phragma,HAO:0001481(axillar phragma),original is subset,HAO:0000650(notum); HAO:0000716(phragma); HAO:0001006(tergum); HAO:0001481(axillar phragma)
141,Mesonotum  scutoscutellar sulcus,HAO:0000919(scutoscutellar sulcus),original is subset,HAO:0000650(notum); HAO:0000917(scutellar sulcus); HAO:0000919(scutoscutellar sulcus); HAO:0001006(tergum); HAO:0002430(scute)
142,Mesonotum  mesoscutellar carina,HAO:0000574(carina); HAO:0000188(mesoscutellum),partial,HAO:0000188(carina); HAO:0000650(notum); HAO:0001006(tergum); HAO:0002430(scute)
143,Mesonotum  configuration of mesoscutellar carina,HAO:0002502(scutoscutellar ridge); HAO:0000918(transscutal ridge),none,HAO:0000188(carina); HAO:0000650(notum); HAO:0001006(tergum); HAO:0002430(scute)
144,Mesonotum  internal median longitudinal mesoscutellar carina,HAO:0002503(internal median longitudinal scutoscutellar ridge),none,HAO:0000188(carina); HAO:0000519(medial vein); HAO:0000650(notum); HAO:0001006(tergum); HAO:0002430(scute)
145,Mesonotum  internal septum,HAO:0002504(internal septum),original is subset,HAO:0000650(notum); HAO:0001006(tergum); HAO:0002504(internal septum)
146,Mesonotum  longitudinal subdivision of scutellum,HAO:0000574(mesoscutellum),original is subset,HAO:0000574(mesoscutellum); HAO:0001006(tergum); HAO:0002430(scute)
147,Mesonotum  frenum,HAO:0000355(frenum),original is subset,HAO:0000355(frenum); HAO:0001006(tergum)
148,Mesonotum  mesoscutellum posteriorly,HAO:0000757(posterior mesoscutellar sulcus),original is finer,HAO:0000574(mesoscutellum); HAO:0001006(tergum); HAO:0002430(scute)
149,Mesonotum  mesoscutellar appendage,HAO:0000568(mesopostscutellum),original is subset,HAO:0000144(appendage); HAO:0000568(mesopostscutellum); HAO:0000571(mesoscutellar appendage); HAO:0001006(tergum); HAO:0002430(scute)
150,Mesonotum  mesoscutellar arm configuration,HAO:0001903(mesoscutellar arm),original is subset,HAO:0000650(notum); HAO:0001006(tergum); HAO:0001903(mesoscutellar arm); HAO:0002430(scute)
151,Mesonotum  origin of mesoscutellar arms,HAO:0001903(mesoscutellar arm),original is subset,HAO:0000650(notum); HAO:0001006(tergum); HAO:0001903(mesoscutellar arm); HAO:0002430(scute)
152,Mesonotum  mesoscutellar arm distally,HAO:0001903(mesoscutellar arm),original is subset,HAO:0000650(notum); HAO:0001006(tergum); HAO:0001903(mesoscutellar arm); HAO:0002430(scute)
153,Mesophragma  pseudophragmal lobe s ,HAO:0000881(pseudophragma),original is subset,HAO:0000716(phragma); HAO:0000881(pseudophragma); HAO:0001587(lobe)
154,Mesophragma  anterior margin position,HAO:0000574(mesophragma); HAO:0000558(mesoscutellum),original is finer,HAO:0000510(margin); HAO:0000716(phragma); HAO:0001981(margin)
155,Mesophragma  mesophragmal pockets,,character abscent,HAO:0000558(mesophragma)
156,Mesophragma  median longitudinal carina,HAO:0000558(carina); HAO:0000188(mesophragma),partial,HAO:0000188(carina); HAO:0000519(medial vein); HAO:0000716(phragma)
157,Mesophragma  mesolaterophragmal lobes,HAO:0001353(mesopostnotal apodeme),original is finer,HAO:0000492(laterophragma); HAO:0000716(phragma); HAO:0001587(lobe); HAO:0001788(mesolaterophragma)
158,Mesophragma  number of mesolaterophragmal lobes,HAO:0001353(mesopostnotal apodeme),original is finer,HAO:0000492(laterophragma); HAO:0000716(phragma); HAO:0001587(lobe); HAO:0001788(mesolaterophragma)
159,Mesophragma  mesolaterophragmal apodeme shape,HAO:0001353(mesopostnotal apodeme),original is subset,HAO:0000492(laterophragma); HAO:0000716(phragma); HAO:0001353(mesopostnotal apodeme)
160,Mesophragma  mesopostnotum,HAO:0000558(mesophragma); HAO:0000603(metanotum),original is finer,HAO:0000567(mesopostnotum); HAO:0000650(notum); HAO:0000716(phragma); HAO:0000786(postnotum); HAO:0001006(tergum)
161,Mesophragma  lateral attachment of mesopostnotum,HAO:0000567(mesopostnotum),original is subset,HAO:0000567(mesopostnotum); HAO:0000650(notum); HAO:0000716(phragma); HAO:0000786(postnotum); HAO:0001006(tergum)
162,Mesophragma  lateral flanges,HAO:0000258(dorsal mesopostnotal flange),none,HAO:0000344(flange); HAO:0000716(phragma)
163,Mesopectus  configuration with mesonotum,HAO:0000556(mesonotum),original is subset,HAO:0000556(mesonotum); HAO:0000650(notum); HAO:0000705(pectus); HAO:0001006(tergum)
164,Mesopectus  tegula configuration,HAO:0000993(pronotum); HAO:0000853(tegula),partial,HAO:0000391(gula); HAO:0000705(pectus); HAO:0000993(tegula)
165,Mesopleuron  external part of basalar,HAO:0000542(mesobasalare),none,HAO:0000729(pleuron)
166,Mesopleuron  basalar apodeme,HAO:0002505(mesopectus); HAO:0000557(basalar apodeme),partial,HAO:0000142(apodeme); HAO:0000729(pleuron); HAO:0002505(basalar apodeme)
167,Mesopleuron  postspiracular sclerite,HAO:0000811(prepectus),original is subset,HAO:0000729(pleuron); HAO:0000811(prepectus)
168,Mesopleuron  posterior thoracic spiracle configuration,HAO:0000769(posterior thoracic spiracle),original is subset,HAO:0000729(pleuron); HAO:0000769(posterior thoracic spiracle)
169,Mesopleuron  supramesopleural sclerite,HAO:0002506(supramesopleural sclerite),original is subset,HAO:0000729(pleuron); HAO:0002506(supramesopleural sclerite)
170,Mesopleuron  mesepimeral ridge,HAO:0000537(mesepimeral ridge),original is subset,HAO:0000188(carina); HAO:0000537(mesepimeral ridge); HAO:0000729(pleuron)
171,Mesopectus  mesopleural ridge,HAO:0001357(mesopleural ridge),original is subset,HAO:0000188(carina); HAO:0000537(mesepimeral ridge); HAO:0000705(pectus); HAO:0001357(mesopleural ridge)
172,Mesopleuron  mesopleural pit,HAO:0001358(mesopleural pit),original is subset,HAO:0000241(depression); HAO:0000561(mesopleural pit); HAO:0000723(pleural pit); HAO:0001358(mesopleural pit)
173,Mesopleuron  mesopleural apodeme,HAO:0001359(mesopleural apodeme),original is subset,HAO:0000720(pleural apodeme); HAO:0001359(mesopleural apodeme)
174,Mesopleuron  apodeme configuration,HAO:0001359(mesepimeral ridge); HAO:0000537(mesopleural apodeme),original is finer,HAO:0000142(apodeme); HAO:0000729(pleuron)
175,Mesopectus  mesopleural triangle,HAO:0000562(mesopleural triangle),original is subset,HAO:0000562(mesopleural triangle); HAO:0000705(pectus); HAO:0002329(angle)
176,Mesoplueron  prospinasternum,HAO:0001694(prospinasternum),original is subset,HAO:0000947(spina); HAO:0000955(sternite); HAO:0001694(prospinasternum)
177,Mesopleuron  prospinasternal apodeme,HAO:0002507(prospinasternal apodeme),original is subset,HAO:0000729(pleuron); HAO:0000947(spina); HAO:0002007(sternal apodeme); HAO:0002507(prospinasternal apodeme)
178,Mesopleuron  acetabular epicnemial carina,HAO:0000292(epicnemial carina),original is subset,HAO:0000292(epicnemial carina); HAO:0000729(pleuron)
179,Mesopleuron  procoxal concavities,HAO:0000294(epicnemium),none,HAO:0000729(pleuron); HAO:0001122(procoxa)
180,Mesopleuron  subpleural signum,HAO:0000975(subpleural signum),original is subset,HAO:0000729(pleuron); HAO:0000975(subpleural signum)
181,Mesopectus  pseudosternal sulci,HAO:0000560(mesopleural epicoxal sulcus),none,HAO:0000705(pectus)
182,Mesopectus  sternaular carina,HAO:0000953(sternaulus),none,HAO:0000188(carina); HAO:0000705(pectus)
183,Mesopleuron  posterior transverse carina,HAO:0000794(postpectal carina),none,HAO:0000729(pleuron); HAO:0001930(transverse propodeal carina)
184,Mesopleuron  mesocoxal foramina,HAO:0001785(mesocoxal foramen),none,HAO:0000635(mid coxa); HAO:0000729(pleuron)
185,Mesopleuron  median mesocoxal articulation,HAO:0001383(medial mesopecto-mesocoxal articulation),original is finer,HAO:0000151(articulation); HAO:0000519(medial vein); HAO:0000635(mid coxa); HAO:0000729(pleuron); HAO:0001485(articular surface)
186,Mesopleuron  medial mesocoxal articulation position,HAO:0001383(medial mesopecto-mesocoxal articulation),original is finer,HAO:0000151(articulation); HAO:0000519(medial vein); HAO:0000635(mid coxa); HAO:0000729(pleuron); HAO:0001485(articular surface)
187,mesofurca  mesofurcal pit,HAO:0000549(mesofurcal pit); HAO:0001785(mesocoxal foramen),partial,HAO:0000241(depression); HAO:0000547(mesofurca); HAO:0000549(mesofurcal pit)
188,Mesofurca  mesospina and metafurco mesospinal muscle,HAO:0002508(mesospinasternal apodeme),none,HAO:0000364(furca); HAO:0000641(muscle); HAO:0000947(spina)
189,Mesofurca  arms proximally,HAO:0000475(lateral mesofurcal arm),original is finer,HAO:0000364(furca)
190,Mesofurca  anterior arm,HAO:0001439(anterior mesofurcal arm),original is finer,HAO:0000364(furca)
191,Mesofurca  bridge  R99  54 ,HAO:0000548(mesofurcal bridge),original is finer,HAO:0000188(carina); HAO:0000364(furca); HAO:0000899(ridge)
192,Mesofurca  anterior projection on bridge,HAO:0000121(anterior process of the mesofurcal bridge),original is finer,HAO:0000188(carina); HAO:0000364(furca); HAO:0000829(projection); HAO:0000899(ridge)
193,Mesofurca  lateral arm,HAO:0000475(lateral mesofurcal arm); HAO:0000566(mesopleuron),original is finer,HAO:0000364(furca)
194,Midleg  mesocoxa,HAO:0000635(mid coxa),identical,HAO:0000635(mid coxa)
195,Midleg  proximal part of mesocoxa,HAO:0001368(mesobasicoxite),original is finer,HAO:0000635(mid coxa)
196,Midleg  coxo trochanter articulation,HAO:0001256(mesotrochanteral apodeme),none,HAO:0000151(articulation); HAO:0001034(trochanter); HAO:0001485(articular surface)
197,Midleg  trochantellus,HAO:0001858(mesotrochantellus),original is finer,HAO:0001033(trochantellus)
198,Metanotum,HAO:0000603(metanotum),original is finer,HAO:0000650(notum); HAO:0001006(tergum)
199,Metanotum  orientation,HAO:0000603(mesoscutellum); HAO:0000574(metanotum),original is finer,HAO:0000650(notum); HAO:0001006(tergum)
200,Metanotum  cenchri,HAO:0000189(cenchrus),original is finer,HAO:0000650(notum); HAO:0001006(tergum)
201,Metanotum hindwing tegula,HAO:0002483(hind wing tegula),original is finer,HAO:0000391(gula); HAO:0000401(hindwing); HAO:0000650(notum); HAO:0000993(tegula); HAO:0001006(tergum)
202,Metanotum  humeral sclerite,HAO:0000404(humeral sclerite of the metanotum),original is finer,HAO:0000650(notum); HAO:0000909(sclerite); HAO:0001006(tergum)
203,Metanotum  metascutellum,HAO:0000625(metascutellum),original is subset,HAO:0000574(mesoscutellum); HAO:0000625(metascutellum); HAO:0001006(tergum); HAO:0002430(scute)
204,Metanotum  metascutellum configuration,HAO:0000625(metascutellum),original is subset,HAO:0000574(mesoscutellum); HAO:0000625(metascutellum); HAO:0001006(tergum); HAO:0002430(scute)
205,Metanotum  incurvation posterad metascutellum,HAO:0000603(metanotum),none,HAO:0000574(mesoscutellum); HAO:0000625(metascutellum); HAO:0001006(tergum); HAO:0002430(scute)
206,Metanotum  lateral longitudinal carina,HAO:0000624(metascutellar carina),original is finer,HAO:0000650(notum); HAO:0001006(tergum); HAO:0002014(lateral longitudinal carina)
207,Metanotum  lateral incision,HAO:0002484(lateral incision of metanoum),original is finer,HAO:0000650(notum); HAO:0001006(tergum)
208,Metapleuron  apodemal part of metabasalare,HAO:0002485(cup-shaped apodeme of metabasalare),original is finer,HAO:0000586(metabasalare); HAO:0000729(pleuron)
209,Metapleuron  metapleural arm   T1 association,HAO:0000608(abdominal tergum 1); HAO:0000051(metapleural arm),partial,HAO:0000608(metapleural arm); HAO:0000729(pleuron); HAO:0001150(abdominal mediotergite 2)
210,Metaplueron  metaplural arm configuration,HAO:0000608(metapleural arm); HAO:0000621(metapleuron),none,)
211,Metapleuron  metapisternal anapleural cleft,HAO:0002509(metepisternal anapleural cleft),none,HAO:0000729(pleuron)
212,Metapleuron  metepimeron   T1 association,HAO:0000632(metepimeron),original is subset,HAO:0000535(meron); HAO:0000632(metepimeron); HAO:0001150(abdominal mediotergite 2); HAO:0001955(metepimeron)
213,Metapluron  metepimeron,HAO:0000632(metepimeron),original is subset,HAO:0000535(meron); HAO:0000632(metepimeron); HAO:0001955(metepimeron)
214,Metapleuron  articular inflection,HAO:0002486(articular inflection),original is subset,HAO:0000418(inflection); HAO:0000729(pleuron); HAO:0002486(articular inflection)
215,Metapleuron  dorsal longitudinal ridge,HAO:0000609(metapleural carina),original is finer,HAO:0000188(carina); HAO:0000729(pleuron); HAO:0000899(ridge)
216,Metapleuron  metapleural pit,HAO:0000612(metapleural pit),original is subset,HAO:0000241(depression); HAO:0000612(metapleural pit)
217,Metapleuron  metapleural apodeme,HAO:0000607(metapleural apodeme),original is subset,HAO:0000607(metapleural apodeme); HAO:0001359(mesopleural apodeme); HAO:0002250(metapleural sulcus)
218,Metapleuron  mesopleural metapleural association,HAO:0000621(mesopleuron); HAO:0000566(metapleuron),none,HAO:0000729(pleuron)
219,Metapleuron  paracoxal notches,HAO:0002510(paracoxal notch),original is subset,HAO:0000228(coxa); HAO:0000729(pleuron); HAO:0002510(paracoxal notch)
220,Metapleuron  median longitudinal carina projection,HAO:0001378(median longitudinal metepisternal carina),original is finer,HAO:0000188(carina); HAO:0000519(medial vein); HAO:0000729(pleuron); HAO:0000829(projection)
221,Metapleuron  lateral longitudinal carina,HAO:0001056(ventral carina of the metapleuron),original is finer,HAO:0000729(pleuron); HAO:0002014(lateral longitudinal carina)
222,Metapleuron  ventral transverse carina,HAO:0001056(ventral carina of the metapleuron),original is finer,HAO:0000729(pleuron); HAO:0001930(transverse propodeal carina)
223,Metapleuron  area anterior to paracoxal ridge sulcus,HAO:0000684(paracoxal ridge),original is subset,HAO:0000188(carina); HAO:0000228(coxa); HAO:0000684(paracoxal ridge); HAO:0000729(pleuron); HAO:0000978(sulcus)
224,Metapleuron  anterior paracoxal sulci ridges,HAO:0000684(paracoxal ridge),original is finer,HAO:0000188(carina); HAO:0000228(coxa); HAO:0000729(pleuron); HAO:0000899(ridge)
225,Metapleuron  posterior paracoxal ridge,HAO:0002487(posterior paracoxal ridge),original is subset,HAO:0000188(carina); HAO:0000228(coxa); HAO:0000729(pleuron); HAO:0002487(posterior paracoxal ridge)
226,Metapleuron  anterior paracoxal ridge,HAO:0000684(paracoxal ridge); HAO:0002250(metapleural sulcus),partial,HAO:0000188(carina); HAO:0000228(coxa); HAO:0000684(paracoxal ridge); HAO:0000729(pleuron)
227,Metapleuron  metapectal plates,HAO:0002488(metapectal plate),original is subset,HAO:0000729(pleuron); HAO:0002488(metapectal plate)
228,Metapluron  metacoxal foramina,HAO:0001264(metacoxal foramen); HAO:0001785(mesocoxal foramen),none,HAO:0000587(metacoxa)
229,Metapleuron  median coxal articulation,HAO:0001385(medial coxal condyle of the metapectus),original is finer,HAO:0000151(articulation); HAO:0000228(coxa); HAO:0000519(medial vein); HAO:0000729(pleuron); HAO:0001485(articular surface)
230,Metapleuron  median coxal articulation position,HAO:0001385(medial coxal condyle of the metapectus),original is finer,HAO:0000151(articulation); HAO:0000228(coxa); HAO:0000519(medial vein); HAO:0000729(pleuron); HAO:0001485(articular surface)
231,Metapleuron  lateral coxal articulation,HAO:0001414(lateral coxal condyle of the metapleuron),original is finer,HAO:0000151(articulation); HAO:0000228(coxa); HAO:0000729(pleuron); HAO:0001485(articular surface)
232,Metapleuron  articulation notch,HAO:0002489(articular notch),original is finer,HAO:0000151(articulation); HAO:0000648(notch); HAO:0000729(pleuron); HAO:0001485(articular surface)
233,Metafurca  metafurcal pit position,HAO:0000594(metafurcal pit); HAO:0001264(metacoxal foramen),partial,HAO:0000241(depression); HAO:0000592(metafurca); HAO:0000594(metafurcal pit)
234,Metafurca  number of metafurcal pits,HAO:0000594(metafurcal pit),original is subset,HAO:0000241(depression); HAO:0000592(metafurca); HAO:0000594(metafurcal pit)
235,Metafurca  position,HAO:0000593(metadiscrimenal lamella); HAO:0000591(metafurcal arm),original is finer,HAO:0000364(furca)
236,Metafurca  furca discrimen configuration,HAO:0000592(metadiscrimen); HAO:0000590(metafurca),original is finer,HAO:0000364(furca); HAO:0000545(mesodiscrimen); HAO:0000900(rim)
237,Metafurca  connection to mesofurca,HAO:0000592(mesofurca); HAO:0000547(metafurca),auto_annot is subset,HAO:0000547(mesofurca)
238,Metafurca  anterior metafurcal arm,HAO:0002490(anterior metafurcal arm),original is subset,HAO:0000365(furcal arm); HAO:0000593(metafurcal arm); HAO:0002490(anterior metafurcal arm)
239,Metafurca  lateral metafurcal arm,HAO:0000593(metafurcal arm); HAO:0000607(metapleural apodeme),partial,HAO:0000365(furcal arm); HAO:0000593(metafurcal arm)
240,Hind leg  trochantins,HAO:0001725(metatrochantin),original is finer,HAO:0000494(leg); HAO:0001035(trochantin)
241,Hind leg  size of coxa,HAO:0000587(metacoxa),original is finer,HAO:0000228(coxa)
242,Hind leg  femoral spines,HAO:0002491(sturdy spines of the hind femur),original is finer,HAO:0000494(leg); HAO:0000949(spine)
243,Hind leg  tibial preapical spurs,HAO:0002492(preapical tibial spurs),original is finer,HAO:0000951(spur); HAO:0001017(tibia)
244,Hind leg  tibial brush,HAO:0001686(metatibia); HAO:0000631(row of spurs),original is finer,HAO:0001017(tibia)
245,Hind leg  tarsal plantulae,HAO:0000990(tarsal plantula),identical,HAO:0000990(tarsal plantula)
246,Propodeum T1 medially,HAO:0000051(abdominal tergum 1),none,HAO:0000519(medial vein); HAO:0001150(abdominal mediotergite 2)
247,Propodeum  metapostnotum association,HAO:0001877(abdominal tergum 1); HAO:0000051(metapostnotum),partial,HAO:0000622(metapostnotum); HAO:0000650(notum); HAO:0000786(postnotum); HAO:0001006(tergum); HAO:0001877(metapostnotum)
248,Propodeum  median antecostal projections,HAO:0002493(median antecostal projection),original is subset,HAO:0000098(antecosta); HAO:0000225(costa); HAO:0000519(medial vein); HAO:0002493(median antecostal projection)
249,Propodeum  lateral antecostal projections,HAO:0002494(lateral antecostal projection),original is subset,HAO:0000098(antecosta); HAO:0000225(costa); HAO:0002494(lateral antecostal projection)
250,Propodeum  metaphragma,HAO:0000606(metaphragma),identical,HAO:0000606(metaphragma)
251,Propodeum  metalaterophragmal lobes,HAO:0002495(metalaterophragmal lobe),original is subset,HAO:0000492(laterophragma); HAO:0001587(lobe); HAO:0002495(metalaterophragmal lobe)
252,Propodeum  metaphragma metapleural apodeme configuration,HAO:0000606(metaphragma); HAO:0000607(metapleural apodeme),original is subset,HAO:0000606(metaphragma); HAO:0000607(metapleural apodeme); HAO:0001359(mesopleural apodeme); HAO:0002250(metapleural sulcus)
253,Propodeum  metapostnotum,HAO:0001877(metapostnotum),original is subset,HAO:0000622(metapostnotum); HAO:0000650(notum); HAO:0000786(postnotum); HAO:0001006(tergum); HAO:0001877(metapostnotum)
254,Propodeum  median projection,HAO:0002397(anteromedian projection of the metanoto-propodeo-metapecto-mesopectal complex),original is finer,HAO:0000519(medial vein); HAO:0000829(projection)
255,Propodeum  median longitudinal carina,HAO:0000529(median propodeal carina),original is finer,HAO:0000188(carina); HAO:0000519(medial vein)
256,Propodeum  lateral longitudinal carina,HAO:0001652(submedian carina of propodeum),none,HAO:0002014(lateral longitudinal carina)
257,Propodeum  propodeal spiracle configuration,HAO:0000329(first abdominal spiracle),identical,HAO:0000329(first abdominal spiracle)
258,Propodeum  propodeal spiracle laterally,HAO:0001942(calyptra),none,HAO:0000329(first abdominal spiracle)
259,Propodeum  spiracle position  horizontal ,HAO:0000329(first abdominal spiracle),original is finer,HAO:0000950(spiracle)
260,Propodeum  spiracle position  vertical ,HAO:0000329(first abdominal spiracle),original is finer,HAO:0000950(spiracle)
261,Propodeum  transverse carina,HAO:0001930(transverse propodeal carina),identical,HAO:0001930(transverse propodeal carina)
262,Propodeum  propodeal foramen,HAO:0000865(propodeal foramen),identical,HAO:0000865(propodeal foramen)
263,Propodeum  propodeal foramen configuration,HAO:0000865(propodeal foramen); HAO:0001264(metacoxal foramen),auto_annot is subset,HAO:0000865(propodeal foramen)
264,Propodeum  position of propodeal foramen,HAO:0000865(propodeal foramen); HAO:0001264(metacoxal foramen),auto_annot is subset,HAO:0000865(propodeal foramen)
265,Propodeum  propodeal foramen ventrally,HAO:0000865(propodeal foramen),identical,HAO:0000865(propodeal foramen)
266,Propodeum  propodeal foramen shelf,HAO:0002265(petiolar scrobe),original is subset,HAO:0000865(propodeal foramen); HAO:0002265(petiolar scrobe)
267,Propodeum  articulating teeth,HAO:0000866(propodeal tooth),none,)
268,First abdominal sternum,HAO:0000035(abdominal sternum 2),original is finer,HAO:0000955(sternite); HAO:0001425(abdominal sternum)
269,Petiole  T2 and S2 configuration,HAO:0000035(abdominal sternum 2); HAO:0000053(abdominal tergum 2),partial,HAO:0000053(abdominal tergum 2); HAO:0001147(abdominal mediotergite 3); HAO:0001829(mediosternite 2)
270,Petiole  posteriorly,HAO:0000020(abdominal segment 2),none,)
271,Petiole  articulating condyle,HAO:0001734(peduncle),none,HAO:0000220(condyle)
272,Petiole  anterior width,HAO:0001734(peduncle),none,HAO:0002308(width); HAO:0002375(width)
273,Petiole  transverse carina on T2,HAO:0001029(transverse carina on petiole),original is subset,HAO:0001029(transverse carina on petiole); HAO:0001147(abdominal mediotergite 3); HAO:0001911(transverse carina on T2); HAO:0001930(transverse propodeal carina)
274,Petiole  T2 longitudinal internal carina,HAO:0002496(T2 longitudinal internal ridge),none,HAO:0000053(abdominal tergum 2); HAO:0000188(carina); HAO:0001147(abdominal mediotergite 3)
275,Petiole  S2,HAO:0000035(abdominal sternum 2),none,HAO:0001829(mediosternite 2)
276,Petiole  S2 posteriorly,HAO:0000035(abdominal sternum 2),none,HAO:0001829(mediosternite 2)
277,Petiole  transverse carina anteriorly,HAO:0001882(transverse carina on S2),none,HAO:0001930(transverse propodeal carina)
278,Petiole  longitudinal carina anteriorly on S2,HAO:0001878(median longitudinal carina of first metasomal sternum),original is subset,HAO:0001829(mediosternite 2); HAO:0001878(median longitudinal carina of first metasomal sternum)
279,Muscles  median pronoto prophragmal muscle,HAO:0001544(median pronoto-prophragmal muscle),original is finer,HAO:0000519(medial vein); HAO:0000855(prophragma); HAO:0001699(prophragmal muscle)
280,Muscles  site of origin of the dorsal pronoto procoxal muscle,HAO:0001578(dorsal pronoto-procoxal muscle),original is finer,HAO:0001113(procoxal muscle); HAO:0001122(procoxa)
281,Muscles  ventral pronoto procoxal muscle,HAO:0001615(ventral pronoto-procoxal muscle),original is finer,HAO:0001113(procoxal muscle); HAO:0001122(procoxa)
282,Muscles  pronoto mesobasalar muscle,HAO:0000845(pronoto-mesobasalar muscle),original is finer,HAO:0001784(mesobasalar muscle)
283,Muscles  pronoto profurcal muscle,HAO:0000849(pronoto-profurcal muscle),original is finer,HAO:0000364(furca); HAO:0000825(profurca); HAO:0001105(profurcal muscle)
284,Muscles  pronoto third axillary sclerite of forewing muscle,HAO:0001306(pronoto-third axillary sclerite of fore wing muscle),original is finer,HAO:0000155(axilla); HAO:0000351(fore wing); HAO:0000352(forewing); HAO:0000641(muscle); HAO:0001632(third axillary sclerite of the fore wing); HAO:0001633(third axillary sclerite)
285,Prepectus  anterior spiracle occlusor muscle,HAO:0001801(pronoto-anterior thoracic spiracle muscle); HAO:0001707(mesopleuro-anterior thoracic spiracle muscle); HAO:0000846(prepecto-anterior thoracic spiracle muscle),original is finer,HAO:0000641(muscle); HAO:0000705(pectus); HAO:0000950(spiracle)
286,Muscles  site of pronotal origin of the anterior thoracic spiracle occlusor muscle,HAO:0000846(pronoto-anterior thoracic spiracle muscle),original is finer,HAO:0000582(anterior thoracic spiracle); HAO:0001115(anterior thoracic spiracle occlusor muscle)
287,Muscles  lateral metapleuro postoccipital muscle,HAO:0001397(lateral propleuro-postoccipital muscle),original is finer,HAO:0000241(depression); HAO:0000718(pit); HAO:0001109(postoccipital muscle)
288,Muscles  propleural arm postoccipital muscle,HAO:0001806(propleural arm-postoccipital muscle),original is finer,HAO:0000241(depression); HAO:0000718(pit); HAO:0000856(propleural arm); HAO:0001109(postoccipital muscle)
289,Muscles  propleural arm protrochanteral muscle,HAO:0001305(propleural arm-protrochanteral muscle),original is finer,HAO:0000856(propleural arm); HAO:0001123(protrochanter); HAO:0001692(protrochanteral muscle)
290,Muscles  mesofurco propleural arm muscle,HAO:0001698(mesofurco-propleural arm muscle),original is finer,HAO:0000641(muscle); HAO:0000856(propleural arm)
291,Muscles  profurco prophragmal muscle,HAO:0001774(profurco-prophragmal muscle),original is finer,HAO:0000855(prophragma); HAO:0001699(prophragmal muscle)
292,Muscles  origin of median profurco procoxal muscle,HAO:0000528(median profurco-procoxal muscle),original is finer,HAO:0000519(medial vein); HAO:0001113(procoxal muscle); HAO:0001122(procoxa)
293,Muscles  profurco protrochanteral muscle,HAO:0001309(profurco-protrochanteral muscle),original is finer,HAO:0001123(protrochanter); HAO:0001692(protrochanteral muscle)
294,Muscles  prospinasterno profurcal muscle,HAO:0001664(prospinasterno-profurcal muscle),original is finer,HAO:0000364(furca); HAO:0000825(profurca); HAO:0000947(spina); HAO:0001105(profurcal muscle)
295,Muscles  dorsal mesofurco profurcal muscle,HAO:0000255(dorsal mesofurco-profurcal muscle),original is finer,HAO:0000364(furca); HAO:0000825(profurca); HAO:0001105(profurcal muscle)
296,Muscles  prospinasterno procoxal muscle origin,HAO:0000579(mesosterno-procoxal muscle),original is finer,HAO:0000947(spina); HAO:0001113(procoxal muscle); HAO:0001122(procoxa); HAO:0002041(gonostyle-parossiculal muscle)
297,Muscles  mesonoto mesobasalar muscle,HAO:0001645(mesonoto-mesobasalar muscle),original is finer,HAO:0001784(mesobasalar muscle)
298,Muscle  mesonoto mesolaterophragmal muscle,HAO:0001643(mesonoto-mesolaterophragmal muscle),original is finer,HAO:0000492(laterophragma); HAO:0000716(phragma); HAO:0001788(mesolaterophragma); HAO:0001789(mesolaterophragmal muscle)
299,Muscles  mesonoto mesocoxal muscles,HAO:0001644(mesonoto-mesocoxal muscle),original is finer,HAO:0000635(mid coxa); HAO:0001786(mesocoxal muscle)
300,Mescles  anterior mesonoto mesotrochanteral muscle,HAO:0001440(anterior mesonoto-mesotrochanteral muscle),original is finer,HAO:0001111(mesotrochanteral muscle); HAO:0001130(mesotrochanter)
301,Muscles  posterior mesonoto mesotrochanteral muscle,HAO:0000754(posterior mesonoto-mesotrochanteral muscle),original is finer,HAO:0001111(mesotrochanteral muscle); HAO:0001130(mesotrochanter)
302,Muscles  anterior mesonoto metanotal muscle,HAO:0001169(anterior mesonoto-metanotal muscle),original is finer,HAO:0001718(metanotal muscle)
303,Muscles  posterior mesonoto metanotal muscle,HAO:0001302(posterior mesonoto-metanotal muscle),original is finer,HAO:0001718(metanotal muscle)
304,Muscles  site of origin of second mesopleuro mesonotal muscle,HAO:0000924(second mesopleuro-mesonotal muscle),original is finer,HAO:0001790(mesonotal muscle)
305,Muscles  intersegmental membrane mesobasalar muscle,HAO:0000435(intersegmental membrane-mesobasalar muscle),original is finer,HAO:0000434(intersegmental membrane); HAO:0000929(segment); HAO:0001784(mesobasalar muscle)
306,Muscles  mesocoxomesobasalar muscle,HAO:0001582(mesocoxo-mesobasalar muscle),original is finer,HAO:0001784(mesobasalar muscle)
307,Muscles  mesotrochantero mesobasalar muscle,HAO:0001629(mesotrochantero-mesobasalar muscle),original is finer,HAO:0001130(mesotrochanter); HAO:0001784(mesobasalar muscle)
308,Muscles  mesopleuro mesosubalar muscle,HAO:0001743(mesopleuro-mesosubalar muscle),original is finer,HAO:0000641(muscle)
309,Muscles  mesocoxo mesosubalar muscle,HAO:0000544(mesocoxo-mesosubalar muscle),original is finer,HAO:0000641(muscle)
310,Muscles  mesofurco mesopleural muscle,HAO:0000755(posterior mesopleuro-mesofurcal muscle),none,HAO:0001705(mesopleural muscle)
311,Muscles  site of origin of the mesopleuro mesocoxal muscle,HAO:0000564(mesopleuro-mesocoxal muscle),original is finer,HAO:0000635(mid coxa); HAO:0001786(mesocoxal muscle)
312,Muscles  mesopleuro third axillary sclerite of hind wing muscle,HAO:0000565(mesopleuro-third axillary sclerite of hind wing muscle),original is finer,HAO:0000155(axilla); HAO:0000400(hind wing); HAO:0000641(muscle); HAO:0001632(third axillary sclerite of the fore wing); HAO:0001633(third axillary sclerite)
313,Muscles  posterior mesofurco mesolaterophragmal muscle,HAO:0000753(posterior mesofurco-mesolaterophragmal muscle),original is finer,HAO:0000492(laterophragma); HAO:0000716(phragma); HAO:0001788(mesolaterophragma); HAO:0001789(mesolaterophragmal muscle)
314,Muscles  lateral mesofurco mesotrochanteral muscle,HAO:0000476(lateral mesofurco-mesotrochanteral muscle),original is finer,HAO:0001111(mesotrochanteral muscle); HAO:0001130(mesotrochanter)
315,Muscles  medial mesofurco mesotrochanteral muscle,HAO:0000521(median mesofurco-mesotrochanteral muscle),original is finer,HAO:0000519(medial vein); HAO:0001111(mesotrochanteral muscle); HAO:0001130(mesotrochanter)
316,Muscles  site of origin of the median mesofurco mesotrochanteral muscle,HAO:0000521(median mesofurco-mesotrochanteral muscle),original is finer,HAO:0000519(medial vein); HAO:0001111(mesotrochanteral muscle); HAO:0001130(mesotrochanter)
317,Muscles  mesofurco metabasalar muscle,HAO:0000552(mesofurco-metabasalar muscle),original is finer,HAO:0001712(metabasalar muscle)
318,Muscles  mesospinasterno metafurcal muscle,HAO:0000577(mesospinasterno-metafurcal muscle),original is finer,HAO:0000592(metafurca); HAO:0000947(spina); HAO:0001714(metafurcal muscle)
319,Muscles  metanoto metabasalar muscle,HAO:0001642(metanoto-metabasalar muscle),original is finer,HAO:0001712(metabasalar muscle)
320,Muscles  median metapleuro metanotal muscle,HAO:0001373(median metapleuro-metanotal muscle),original is finer,HAO:0000519(medial vein); HAO:0001718(metanotal muscle)
321,Muscles  site of origin of the median metapleuro metanotal muscle,HAO:0001373(median metapleuro-metanotal muscle),original is finer,HAO:0000519(medial vein); HAO:0001718(metanotal muscle)
322,Muscles  metalaterophragmo metafurcal muscle,HAO:0001738(metalaterophragmo-metafurcal muscle),original is finer,HAO:0000592(metafurca); HAO:0001714(metafurcal muscle)
323,Muscles  metanoto metalaterophragmal muscle,HAO:0002478(metanoto-metalaterophragmal muscle),original is finer,HAO:0000492(laterophragma); HAO:0001715(metalaterophragma); HAO:0001716(metalaterophragmal muscle)
324,Muscles  anterior metanoto metacoxal muscle,HAO:0001641(anterior metanoto-metacoxal muscle),original is finer,HAO:0000587(metacoxa); HAO:0001713(metacoxal muscle)
325,Muscles  posterior metanoto metacoxal muscle,HAO:0001819(posterior metanoto-metacoxal muscle),original is finer,HAO:0000587(metacoxa); HAO:0001713(metacoxal muscle)
326,Muscles  metanoto metatrochanteral muscle,HAO:0000602(metanoto-metatrochanteral muscle),original is finer,HAO:0001139(metatrochanter); HAO:0001724(metatrochanteral muscle)
327,Muscles  site of origin of the anterior metapleuro metabasalare muscle,HAO:0001445(anterior metapleuro-metabasalar muscle),original is finer,HAO:0000586(metabasalare); HAO:0000641(muscle)
328,Muscles  lateral metapleuro metabasalar muscle,HAO:0001406(lateral metapleuro-metabasalar muscle),original is finer,HAO:0001712(metabasalar muscle)
329,Muscles posterior metapleuro metabasalare muscle,HAO:0001344(posterior metapleuro-metabasalar muscle),original is finer,HAO:0000586(metabasalare); HAO:0000641(muscle)
330,Muscles  metacoxo metabasalar muscle,HAO:0001581(metacoxo-metabasalar muscle),original is finer,HAO:0001712(metabasalar muscle)
331,Muscles  metacoxo metasubalar muscle,HAO:0000589(metacoxo-metasubalar muscle),original is finer,HAO:0000641(muscle)
332,Muscles  anterior metapleuro metafurcal muscle,HAO:0001744(anterior metapleuro-metafurcal muscle),original is finer,HAO:0000592(metafurca); HAO:0001714(metafurcal muscle)
333,Muscles  posterior metapleuro metafurcal muscle,HAO:0001745(posterior metapleuro-metafurcal muscle),original is finer,HAO:0000592(metafurca); HAO:0001714(metafurcal muscle)
334,Muscles  lateral metapleuro metacoxal muscle,HAO:0000478(lateral metapleuro-metacoxal muscle),original is finer,HAO:0000587(metacoxa); HAO:0001713(metacoxal muscle)
335,Muscles  site of origin of the lateral metapleuro metacoxal muscle,HAO:0000478(lateral metapleuro-metacoxal muscle),original is finer,HAO:0000587(metacoxa); HAO:0001713(metacoxal muscle)
336,Muscles  metapleuro propodeal muscle,HAO:0001794(metapleuro-propodeal muscle),original is finer,HAO:0001304(propodeal muscle)
337,Muscles  metasterno second abdominal sternal muscle,HAO:0001684(metasterno-second abdominal sternal muscle),original is finer,HAO:0001223(sternal muscle); HAO:0001675(second abdominal sternal muscle)
338,Muscles  site of origin of the metapleuro metatrochanteral muscle,HAO:0000619(metapleuro-metatrochanteral muscle),original is finer,HAO:0001139(metatrochanter); HAO:0001724(metatrochanteral muscle)
339,Muscles  second abdominal sternal metacoxal muscle,HAO:0001685(second sterno-metacoxal muscle),original is finer,HAO:0000587(metacoxa); HAO:0001713(metacoxal muscle)
340,Muscles  propodeo second abdominal segment muscle,HAO:0002284(propodeo-second abdominal segment muscle),original is finer,HAO:0000016(abdominal segment); HAO:0000641(muscle)
341,Muscles  site of origin of the dilator muscle of the propodeal spiracle,HAO:0000243(dilator muscle apodeme),none,HAO:0000329(first abdominal spiracle); HAO:0002041(gonostyle-parossiculal muscle)
342,Forewing  sculpture of retinaculum,HAO:0001522(fore wing); HAO:0000351(retinaculum),partial,HAO:0000913(sculpture); HAO:0001089(wing); HAO:0001522(retinaculum)
343,Forewing  costal and radial vein fusion,HAO:0000225(costa); HAO:0000783(fore wing); HAO:0000351(postmarginal vein),partial,HAO:0000225(costa); HAO:0000783(postmarginal vein); HAO:0000888(radial vein)
344,Forewing  cubital  Cu  vein shape,HAO:0000237(cubital vein); HAO:0000351(fore wing),original is finer,HAO:0001095(wing vein)
345,Forewing  costal  C  vein presence,HAO:0000225(costa); HAO:0000351(fore wing),auto_annot is subset,HAO:0000225(costa)
346,Forewing  stigma presence,HAO:0000957(fore wing); HAO:0000351(stigma),auto_annot is subset,HAO:0000957(stigma)
347,Forewing  subcostal  SC  vein presence,HAO:0000967(fore wing); HAO:0000351(subcosta),partial,HAO:0000225(costa); HAO:0000967(subcosta)
348,Forewing  second branch of radial sector  RS2  vein presence,HAO:0000888(fore wing); HAO:0000351(radial vein),original is finer,HAO:0001095(wing vein); HAO:0001829(mediosternite 2)
349,Forewing  anal crossvein  a  presence,HAO:0000093(anal vein); HAO:0000351(fore wing),original is finer,HAO:0000236(crossvein); HAO:0001095(wing vein)
350,Forewing  nygmata  sensory spots  on wing membrane  in second submarginal cell ,HAO:0002511(nygma),original is subset,HAO:0000013(cell); HAO:0000510(margin); HAO:0001089(wing); HAO:0001981(margin); HAO:0002511(nygma)
351,Hind wing  costal  C  vein presence,HAO:0000225(costa); HAO:0000400(hind wing),auto_annot is subset,HAO:0000225(costa)
352,Hind wing  non apical hamuli  presence,HAO:0001522(retinaculum),none,HAO:0001089(wing)
353,Hind wing  subcostal  SC  vein presence,HAO:0000967(hind wing); HAO:0000400(subcosta),partial,HAO:0000225(costa); HAO:0000967(subcosta)
354,HInd wing  number of rs m crossveins,HAO:0000890(hind wing); HAO:0000400(radio-medial cross vein),original is finer,HAO:0000236(crossvein); HAO:0001095(wing vein)
355,Hind wing  m cu crossvein presence,HAO:0000170(basal vein); HAO:0000400(hind wing),original is finer,HAO:0000236(crossvein); HAO:0001095(wing vein)
356,Hind wing  medial  M  vein and cubital  Cu  vein fusion,HAO:0000237(cubital vein); HAO:0000519(hind wing); HAO:0000400(medial vein),auto_annot is subset,HAO:0000519(medial vein)
357,Hind wing  costal margin,HAO:0001977(hind wing); HAO:0000400(costal margin),partial,HAO:0000225(costa); HAO:0001977(costal margin); HAO:0001981(margin)
358,Hind wing  costal trough extending from base to hamuli,HAO:0001977(hind wing); HAO:0001522(retinaculum); HAO:0000400(costal margin),none,HAO:0000225(costa); HAO:0000241(depression)
359,Hind wing  fusion of radial  R  and costal  C  veins posterad hamuli  cell presence,HAO:0000226(costal cell); HAO:0000400(hind wing),original is finer,HAO:0000013(cell); HAO:0000225(costa); HAO:0001091(wing cell)
360,Hind wing  microspicules posterad hamuli,HAO:0000717(hind wing); HAO:0000400(pile),original is finer,HAO:0001089(wing); HAO:0002119(acantha)
361,Hind wing  presence of guide setae or spines posterior to hamuli,HAO:0000903(hind wing); HAO:0000400(row of setae),original is finer,HAO:0000935(seta); HAO:0000949(spine); HAO:0001089(wing); HAO:0002299(sensillum trichodeum)
362,Hind wing  presence of sclerotized glabrous plate posterior to hamuli,HAO:0000909(hind wing); HAO:0000400(sclerite),partial,HAO:0000909(sclerite); HAO:0001089(wing)
363,Mesotibial apical spurs,HAO:0002069(mesotibial outer spur),original is finer,HAO:0000951(spur); HAO:0001017(tibia)
364,Tip of tibial spurs,HAO:0001018(tibial spur),identical,HAO:0001018(tibial spur)
365,Presence of velum on calcar,HAO:0001053(velum),original is subset,HAO:0000185(calcar); HAO:0001053(velum); HAO:0002140(velum)
366,Velum appearance,HAO:0001053(velum),none,)
367,Anterior basitarsus,HAO:0001106(probasitarsus),original is finer,HAO:0000178(basitarsus)
368,Inner posterior metatibial spur,HAO:0001121(metatibial spur),original is subset,HAO:0000631(metatibia); HAO:0001121(metatibial spur)
369,Mesotibial apical sensillum,HAO:0000933(sensillum); HAO:0001351(mesotibia),partial,HAO:0000933(sensillum); HAO:0001017(tibia)
370,Inner posterior mesotibial spur,HAO:0002069(mesotibial outer spur),original is finer,HAO:0001120(mesotibial spur)
371,Foretibial apical sensillum,HAO:0000933(fore tibia); HAO:0000350(sensillum),partial,HAO:0000933(sensillum); HAO:0001017(tibia)
372,Metatibial apical sensillum,HAO:0000933(metatibia); HAO:0000631(sensillum),partial,HAO:0000933(sensillum); HAO:0001017(tibia)
373,Midleg tibial comb,HAO:0001686(mesotibia); HAO:0001351(row of spurs),none,HAO:0000215(protibial comb)
374,Abdominal tergum 3  metasomal 2  presence of laterotergites,HAO:0001456(abdominal laterotergite 3),original is finer,HAO:0000493(laterotergite); HAO:0000626(metasoma); HAO:0001005(tergite); HAO:0001861(laterotergite)
375,Interleaving of abdominal terga and sterna 4 5  metasomal terga 3 4 ,HAO:0000057(abdominal sternum 4); HAO:0000037(abdominal sternum 5); HAO:0000058(abdominal tergum 4); HAO:0000038(abdominal tergum 5),none,HAO:0000626(metasoma)
376,Presence of glymma  laterope ,HAO:0000378(glymma),original is subset,HAO:0000378(glymma); HAO:0000491(laterope)
377,Articulation between abdominal tergum 2 and tergum 3  metasomal 1 and 2 ,HAO:0002497(abdominal segment 2-abdominal segment 1 articulation),original is finer,HAO:0000053(abdominal tergum 2); HAO:0000626(metasoma); HAO:0001426(abdominal tergum)
378,Spiracles on abdominal terga 2 8  metasomal 1 7 ,HAO:0001538(3rd abdominal spiracle); HAO:0001418(5th abdominal spiracle); HAO:0001536(6th abdominal spiracle); HAO:0001419(7th abdominal spiracle); HAO:0001420(8th abdominal spiracle); HAO:0001421(4th abdominal spiracle); HAO:0001422(2nd abdominal spiracle),none,HAO:0000626(metasoma)
379,Second abdominal sternum  first metasomal ,HAO:0000035(abdominal sternum 2),original is finer,HAO:0000626(metasoma); HAO:0000955(sternite); HAO:0001425(abdominal sternum)
380,Abdominal sternum 1  presence,HAO:0000035(abdominal sternum 2),none,HAO:0000955(sternite)
381,Abdominal tergum 2  metasomal 1  overlapping abdominal tergum 3  metasomal 2 ,HAO:0000053(abdominal tergum 2); HAO:0000056(abdominal tergum 3),partial,HAO:0000056(abdominal tergum 3); HAO:0000626(metasoma); HAO:0001426(abdominal tergum)
382,Male thoracic muscles diploid,HAO:0001117(thoracic muscle),identical,HAO:0001117(thoracic muscle)
383,Position of egg exit,HAO:0001768(external female genitalia),none,HAO:0000286(egg)
384,Ovipositor shape,HAO:0000679(ovipositor),none,)
385,Furcula of ovipositor,HAO:0002498(furcula),original is finer,HAO:0000679(ovipositor)
386,Structure of ovipositor sheaths,HAO:0001012(third valvula),original is subset,HAO:0000928(second valvula); HAO:0001012(third valvula)
387,Valvilli presence,HAO:0001619(valvillus),none,)
388,Second valvifer structure,HAO:0000927(second valvifer),none,)
389,Meconium,HAO:0002499(meconium),none,)
390,Mode of parasitism,,character abscent,)
391,Larval food source,,character abscent,)
392,Silk production,,character abscent,HAO:0000282(duct)
