,,
char_id,ontology,list_of_finest_character
1,hao,http://purl.obolibrary.org/obo/HAO_0000234
1,pato,http://purl.obolibrary.org/obo/PATO_0000070
2,hao,http://purl.obolibrary.org/obo/HAO_0001432
2,pato,http://purl.obolibrary.org/obo/PATO_0000070
3,hao,http://purl.obolibrary.org/obo/HAO_0000419
3,pato,http://purl.obolibrary.org/obo/PATO_0000070
4,hao,http://purl.obolibrary.org/obo/HAO_0001022
4,pato,http://purl.obolibrary.org/obo/PATO_0000140
5,hao,http://purl.obolibrary.org/obo/HAO_0001022
5,pato,http://purl.obolibrary.org/obo/PATO_0000140
6,hao,http://purl.obolibrary.org/obo/HAO_0000105
6,pato,http://purl.obolibrary.org/obo/PATO_0000070
7,hao,http://purl.obolibrary.org/obo/HAO_0001022
7,pato,http://purl.obolibrary.org/obo/PATO_0000052
8,hao,http://purl.obolibrary.org/obo/HAO_0000965
8,pato,http://purl.obolibrary.org/obo/PATO_0000070
9,hao,http://purl.obolibrary.org/obo/HAO_0000212
9,pato,http://purl.obolibrary.org/obo/PATO_0000052
10,hao,http://purl.obolibrary.org/obo/HAO_0000670
10,pato,http://purl.obolibrary.org/obo/PATO_0000140
11,hao,http://purl.obolibrary.org/obo/HAO_0000656
11,pato,http://purl.obolibrary.org/obo/PATO_0000070
12,hao,http://purl.obolibrary.org/obo/HAO_0000347
12,pato,http://purl.obolibrary.org/obo/PATO_0000140
13,hao,http://purl.obolibrary.org/obo/HAO_0000768
13,pato,http://purl.obolibrary.org/obo/PATO_0000140
14,hao,ttp://purl.obolibrary.org/obo/HAO_0001218
14,pato,http://purl.obolibrary.org/obo/PATO_0000070
15,hao,http://purl.obolibrary.org/obo/HAO_0001218
15,pato,http://purl.obolibrary.org/obo/PATO_0000140
16,hao,http://purl.obolibrary.org/obo/HAO_0001218
16,pato,http://purl.obolibrary.org/obo/PATO_0000140
17,hao,"http://purl.obolibrary.org/obo/HAO_0001218, http://purl.obolibrary.org/obo/HAO_0000978"
17,pato,http://purl.obolibrary.org/obo/PATO_0000140
18,hao,http://purl.obolibrary.org/obo/HAO_0000653
18,pato,http://purl.obolibrary.org/obo/PATO_0000070
19,hao,http://purl.obolibrary.org/obo/HAO_0000653
19,pato,http://purl.obolibrary.org/obo/PATO_0000140
20,hao,http://purl.obolibrary.org/obo/HAO_0000275
20,pato,http://purl.obolibrary.org/obo/PATO_0000070
21,hao,http://purl.obolibrary.org/obo/HAO_0000998
21,pato,http://purl.obolibrary.org/obo/PATO_0000052
22,hao,http://purl.obolibrary.org/obo/HAO_0002479
22,pato,http://purl.obolibrary.org/obo/PATO_0000070
23,hao,http://purl.obolibrary.org/obo/HAO_0000456
23,pato,http://purl.obolibrary.org/obo/PATO_0000140
24,hao,http://purl.obolibrary.org/obo/HAO_0000456
24,pato,http://purl.obolibrary.org/obo/PATO_0000052
25,hao,http://purl.obolibrary.org/obo/HAO_0000456
25,pato,http://purl.obolibrary.org/obo/PATO_0000070
26,hao,http://purl.obolibrary.org/obo/HAO_0000456
26,pato,http://purl.obolibrary.org/obo/PATO_0000140
27,hao,http://purl.obolibrary.org/obo/HAO_0000300
27,pato,http://purl.obolibrary.org/obo/PATO_0000141
28,hao,http://purl.obolibrary.org/obo/HAO_0000301
28,pato,http://purl.obolibrary.org/obo/PATO_0000070
29,hao,http://purl.obolibrary.org/obo/HAO_0000301
29,pato,http://purl.obolibrary.org/obo/PATO_0000070
30,hao,http://purl.obolibrary.org/obo/HAO_0001765
30,pato,http://purl.obolibrary.org/obo/PATO_0000070
31,hao,http://purl.obolibrary.org/obo/HAO_0001630
31,pato,http://purl.obolibrary.org/obo/PATO_0000070
32,hao,http://purl.obolibrary.org/obo/HAO_0000456
32,pato,http://purl.obolibrary.org/obo/PATO_0000141
33,hao,http://purl.obolibrary.org/obo/HAO_0000456
33,pato,http://purl.obolibrary.org/obo/PATO_0000915
34,hao,http://purl.obolibrary.org/obo/HAO_0000456
34,pato,http://purl.obolibrary.org/obo/PATO_0000066
35,hao,http://purl.obolibrary.org/obo/HAO_0001550
35,pato,http://purl.obolibrary.org/obo/PATO_0000070
36,hao,http://purl.obolibrary.org/obo/HAO_0000939
36,pato,http://purl.obolibrary.org/obo/PATO_0000070
37,hao,http://purl.obolibrary.org/obo/HAO_0000939
37,pato,http://purl.obolibrary.org/obo/PATO_0000066
38,hao,http://purl.obolibrary.org/obo/HAO_0001565
38,pato,http://purl.obolibrary.org/obo/PATO_0000070
39,hao,http://purl.obolibrary.org/obo/HAO_0001563
39,pato,http://purl.obolibrary.org/obo/PATO_0000117
40,hao,http://purl.obolibrary.org/obo/HAO_0002214
40,pato,http://purl.obolibrary.org/obo/PATO_0000070
41,hao,http://purl.obolibrary.org/obo/HAO_0001019
41,pato,http://purl.obolibrary.org/obo/PATO_0000070
42,hao,http://purl.obolibrary.org/obo/HAO_0001019
42,pato,http://purl.obolibrary.org/obo/PATO_0000070
43,hao,http://purl.obolibrary.org/obo/HAO_0002480
43,pato,http://purl.obolibrary.org/obo/PATO_0000070
44,hao,http://purl.obolibrary.org/obo/HAO_0000506
44,pato,http://purl.obolibrary.org/obo/PATO_0000070
45,hao,http://purl.obolibrary.org/obo/HAO_0002481
45,pato,http://purl.obolibrary.org/obo/PATO_0000070
46,hao,http://purl.obolibrary.org/obo/HAO_0000508
46,pato,http://purl.obolibrary.org/obo/PATO_0000141
47,hao,http://purl.obolibrary.org/obo/HAO_0000108
47,pato,http://purl.obolibrary.org/obo/PATO_0000141
48,hao,http://purl.obolibrary.org/obo/HAO_0000376
48,pato,http://purl.obolibrary.org/obo/PATO_0000052
49,hao,http://purl.obolibrary.org/obo/HAO_0000376
49,pato,http://purl.obolibrary.org/obo/PATO_0000066
50,hao,http://purl.obolibrary.org/obo/HAO_0002210
50,pato,http://purl.obolibrary.org/obo/PATO_0000070
51,hao,http://purl.obolibrary.org/obo/HAO_0002209
51,pato,http://purl.obolibrary.org/obo/PATO_0000070
52,hao,http://purl.obolibrary.org/obo/HAO_0002212
52,pato,http://purl.obolibrary.org/obo/PATO_0000070
53,hao,http://purl.obolibrary.org/obo/HAO_0002232
53,pato,http://purl.obolibrary.org/obo/PATO_0000070
54,hao,http://purl.obolibrary.org/obo/HAO_0002206
54,pato,http://purl.obolibrary.org/obo/PATO_0000052
55,hao,http://purl.obolibrary.org/obo/HAO_0000686
55,pato,http://purl.obolibrary.org/obo/PATO_0000070
56,hao,http://purl.obolibrary.org/obo/HAO_0000686
56,pato,http://purl.obolibrary.org/obo/PATO_0000052
57,hao,http://purl.obolibrary.org/obo/HAO_0000686
57,pato,http://purl.obolibrary.org/obo/PATO_0000066
58,hao,http://purl.obolibrary.org/obo/HAO_0002246
58,pato,http://purl.obolibrary.org/obo/PATO_0000070
59,hao,http://purl.obolibrary.org/obo/HAO_0002482
59,pato,http://purl.obolibrary.org/obo/PATO_0000070
60,hao,"http://purl.obolibrary.org/obo/HAO_0000933,http://purl.obolibrary.org/obo/HAO_0001866"
60,pato,http://purl.obolibrary.org/obo/PATO_0000070
61,hao,http://purl.obolibrary.org/obo/HAO_0000785
61,pato,http://purl.obolibrary.org/obo/PATO_0000070
62,hao,http://purl.obolibrary.org/obo/HAO_0002109
62,pato,http://purl.obolibrary.org/obo/PATO_0000070
63,hao,http://purl.obolibrary.org/obo/HAO_0002111
63,pato,http://purl.obolibrary.org/obo/PATO_0000070
64,hao,http://purl.obolibrary.org/obo/HAO_0002112
64,pato,http://purl.obolibrary.org/obo/PATO_0000070
65,hao,http://purl.obolibrary.org/obo/HAO_0002113
65,pato,http://purl.obolibrary.org/obo/PATO_0000070
66,hao,http://purl.obolibrary.org/obo/HAO_0002220
66,pato,http://purl.obolibrary.org/obo/PATO_0000070
67,hao,http://purl.obolibrary.org/obo/HAO_0002531
67,pato,http://purl.obolibrary.org/obo/PATO_0000070
68,hao,http://purl.obolibrary.org/obo/HAO_0002183
68,pato,http://purl.obolibrary.org/obo/PATO_0000052
69,hao,"http://purl.obolibrary.org/obo/HAO_0002112,http://purl.obolibrary.org/obo/HAO_0000933"
69,pato,http://purl.obolibrary.org/obo/PATO_0000070
70,hao,http://purl.obolibrary.org/obo/HAO_0002112
70,pato,http://purl.obolibrary.org/obo/PATO_0000052
71,hao,http://purl.obolibrary.org/obo/HAO_0000457
71,pato,http://purl.obolibrary.org/obo/PATO_0000052
72,hao,http://purl.obolibrary.org/obo/HAO_0000368
72,pato,http://purl.obolibrary.org/obo/PATO_0000052
73,hao,http://purl.obolibrary.org/obo/HAO_0000368
73,pato,http://purl.obolibrary.org/obo/PATO_0000141
74,hao,"http://purl.obolibrary.org/obo/HAO_0000958,http://purl.obolibrary.org/obo/HAO_0000933"
74,pato,http://purl.obolibrary.org/obo/PATO_0000070
75,hao,http://purl.obolibrary.org/obo/HAO_0000853
75,pato,http://purl.obolibrary.org/obo/PATO_0000052
76,hao,"http://purl.obolibrary.org/obo/HAO_0000853,http://purl.obolibrary.org/obo/HAO_0000188"
76,pato,http://purl.obolibrary.org/obo/PATO_0000070
77,hao,http://purl.obolibrary.org/obo/HAO_0002287
77,pato,http://purl.obolibrary.org/obo/PATO_0000070
78,hao,"http://purl.obolibrary.org/obo/HAO_0000853,http://purl.obolibrary.org/obo/HAO_0002272"
78,pato,http://purl.obolibrary.org/obo/PATO_0000122
79,hao,http://purl.obolibrary.org/obo/HAO_0000853
79,pato,http://purl.obolibrary.org/obo/PATO_0000133
80,hao,http://purl.obolibrary.org/obo/HAO_0001031
80,pato,http://purl.obolibrary.org/obo/PATO_0000070
81,hao,http://purl.obolibrary.org/obo/HAO_0000853
81,pato,http://purl.obolibrary.org/obo/PATO_0000052
82,hao,"http://purl.obolibrary.org/obo/HAO_0000131,http://purl.obolibrary.org/obo/HAO_0000855"
82,pato,http://purl.obolibrary.org/obo/PATO_0000070
83,hao,http://purl.obolibrary.org/obo/HAO_0001852
83,pato,http://purl.obolibrary.org/obo/PATO_0000070
84,hao,http://purl.obolibrary.org/obo/HAO_0000840
84,pato,http://purl.obolibrary.org/obo/PATO_0000052
85,hao,"http://purl.obolibrary.org/obo/HAO_0000853,http://purl.obolibrary.org/obo/HAO_0000188"
85,pato,http://purl.obolibrary.org/obo/PATO_0000070
86,hao,http://purl.obolibrary.org/obo/HAO_0000770
86,pato,http://purl.obolibrary.org/obo/PATO_0000070
87,hao,http://purl.obolibrary.org/obo/HAO_0000836
87,pato,http://purl.obolibrary.org/obo/PATO_0000070
88,hao,http://purl.obolibrary.org/obo/HAO_0000582
88,pato,http://purl.obolibrary.org/obo/PATO_0000140
89,hao,"http://purl.obolibrary.org/obo/HAO_0000853,http://purl.obolibrary.org/obo/HAO_0000566"
89,pato,http://purl.obolibrary.org/obo/PATO_0000140
90,hao,http://purl.obolibrary.org/obo/HAO_0001055
90,pato,http://purl.obolibrary.org/obo/PATO_0000070
91,hao,http://purl.obolibrary.org/obo/HAO_0000811
91,pato,http://purl.obolibrary.org/obo/PATO_0000070
92,hao,http://purl.obolibrary.org/obo/HAO_0000811
92,hao,http://purl.obolibrary.org/obo/PATO_0000140
93,hao,http://purl.obolibrary.org/obo/HAO_0000761
93,pato,http://purl.obolibrary.org/obo/PATO_0000070
94,hao,"http://purl.obolibrary.org/obo/HAO_0000811,http://purl.obolibrary.org/obo/HAO_0000582"
94,pato,http://purl.obolibrary.org/obo/PATO_0000140
95,hao,http://purl.obolibrary.org/obo/HAO_0000811
95,pato,http://purl.obolibrary.org/obo/PATO_0000140
96,hao,http://purl.obolibrary.org/obo/HAO_0001285
96,pato,http://purl.obolibrary.org/obo/PATO_0000140
97,hao,http://purl.obolibrary.org/obo/HAO_0000582
97,pato,http://purl.obolibrary.org/obo/PATO_0000140
98,hao,"http://purl.obolibrary.org/obo/HAO_0000582,http://purl.obolibrary.org/obo/HAO_0000829"
98,pato,http://purl.obolibrary.org/obo/PATO_0000070
99,hao,http://purl.obolibrary.org/obo/HAO_0000193
99,pato,http://purl.obolibrary.org/obo/PATO_0000141
100,hao,http://purl.obolibrary.org/obo/HAO_0000193
100,pato,http://purl.obolibrary.org/obo/PATO_0000140
101,hao,http://purl.obolibrary.org/obo/HAO_0000192
101,pato,http://purl.obolibrary.org/obo/PATO_0000070
102,hao,http://purl.obolibrary.org/obo/HAO_0000192
102,pato,http://purl.obolibrary.org/obo/PATO_0000117
103,hao,http://purl.obolibrary.org/obo/HAO_0000192
103,pato,http://purl.obolibrary.org/obo/PATO_0000140
104,hao,http://purl.obolibrary.org/obo/HAO_0001284
104,pato,http://purl.obolibrary.org/obo/PATO_0000140
105,hao,http://purl.obolibrary.org/obo/HAO_0000270
105,pato,http://purl.obolibrary.org/obo/PATO_0000070
106,hao,"http://purl.obolibrary.org/obo/HAO_0000862,"
106,pato,http://purl.obolibrary.org/obo/PATO_0000140
107,hao,http://purl.obolibrary.org/obo/HAO_0000856
107,pato,http://purl.obolibrary.org/obo/PATO_0000070
108,hao,"http://purl.obolibrary.org/obo/HAO_0000856,http://purl.obolibrary.org/obo/HAO_0000825"
108,pato,http://purl.obolibrary.org/obo/PATO_0000140
109,hao,http://purl.obolibrary.org/obo/HAO_0000497
109,pato,http://purl.obolibrary.org/obo/PATO_0000070
110,hao,"http://purl.obolibrary.org/obo/HAO_0000862,http://purl.obolibrary.org/obo/HAO_0000873"
110,pato,http://purl.obolibrary.org/obo/PATO_0000140
111,hao,http://purl.obolibrary.org/obo/HAO_0000295
111,pato,http://purl.obolibrary.org/obo/PATO_0000070
112,hao,"http://purl.obolibrary.org/obo/HAO_0000862,http://purl.obolibrary.org/obo/HAO_0000853"
112,pato,http://purl.obolibrary.org/obo/PATO_0000140
113,hao,http://purl.obolibrary.org/obo/HAO_0002500
113,pato,http://purl.obolibrary.org/obo/PATO_0000070
114,hao,http://purl.obolibrary.org/obo/HAO_0002500
114,pato,http://purl.obolibrary.org/obo/PATO_0000140
115,hao,"http://purl.obolibrary.org/obo/HAO_0000873,http://purl.obolibrary.org/obo/HAO_0000862"
115,pato,http://purl.obolibrary.org/obo/PATO_0000140
116,hao,http://purl.obolibrary.org/obo/HAO_0000123
116,pato,http://purl.obolibrary.org/obo/PATO_0000070
117,hao,http://purl.obolibrary.org/obo/HAO_0002501
117,pato,http://purl.obolibrary.org/obo/PATO_0000070
118,hao,http://purl.obolibrary.org/obo/HAO_0000871
118,pato,http://purl.obolibrary.org/obo/PATO_0000070
119,hao,http://purl.obolibrary.org/obo/HAO_0000827
119,pato,http://purl.obolibrary.org/obo/PATO_0000070
120,hao,http://purl.obolibrary.org/obo/HAO_0000124
120,pato,http://purl.obolibrary.org/obo/PATO_0000070
121,hao,http://purl.obolibrary.org/obo/HAO_0001906
121,pato,http://purl.obolibrary.org/obo/PATO_0000070
122,hao,"http://purl.obolibrary.org/obo/HAO_0000825,http://purl.obolibrary.org/obo/HAO_0000862"
122,pato,http://purl.obolibrary.org/obo/PATO_0000140
123,hao,http://purl.obolibrary.org/obo/HAO_0001315
123,pato,http://purl.obolibrary.org/obo/PATO_0001334
124,hao,"http://purl.obolibrary.org/obo/HAO_0000188,http://purl.obolibrary.org/obo/HAO_0001122"
124,pato,http://purl.obolibrary.org/obo/PATO_0000070
125,hao,"http://purl.obolibrary.org/obo/HAO_0000978,http://purl.obolibrary.org/obo/HAO_0000350"
125,pato,http://purl.obolibrary.org/obo/PATO_0000070
126,hao,http://purl.obolibrary.org/obo/HAO_0000875
126,pato,http://purl.obolibrary.org/obo/PATO_0000070
127,hao,http://purl.obolibrary.org/obo/HAO_0000875
127,pato,http://purl.obolibrary.org/obo/PATO_0000070
128,hao,http://purl.obolibrary.org/obo/HAO_0000177
128,pato,http://purl.obolibrary.org/obo/PATO_0000070
129,hao,http://purl.obolibrary.org/obo/HAO_0001180
129,pato,http://purl.obolibrary.org/obo/PATO_0000070
130,hao,"http://purl.obolibrary.org/obo/HAO_0001106,http://purl.obolibrary.org/obo/HAO_0000951"
130,pato,http://purl.obolibrary.org/obo/PATO_0000070
131,hao,http://purl.obolibrary.org/obo/HAO_0000855
131,pato,http://purl.obolibrary.org/obo/PATO_0000070
132,hao,http://purl.obolibrary.org/obo/HAO_0000855
132,pato,http://purl.obolibrary.org/obo/PATO_0000052
133,hao,http://purl.obolibrary.org/obo/HAO_0000855
133,pato,http://purl.obolibrary.org/obo/PATO_0000052
134,hao,http://purl.obolibrary.org/obo/HAO_0001080
134,pato,http://purl.obolibrary.org/obo/PATO_0000070
135,hao,http://purl.obolibrary.org/obo/HAO_0001080
135,pato,http://purl.obolibrary.org/obo/PATO_0000117
136,hao,http://purl.obolibrary.org/obo/HAO_0000523
136,pato,http://purl.obolibrary.org/obo/PATO_0000070
137,hao,http://purl.obolibrary.org/obo/HAO_0000128
137,pato,http://purl.obolibrary.org/obo/PATO_0000070
138,hao,http://purl.obolibrary.org/obo/HAO_0000647
138,pato,http://purl.obolibrary.org/obo/PATO_0000070
139,hao,http://purl.obolibrary.org/obo/HAO_0001902
139,pato,http://purl.obolibrary.org/obo/PATO_0000070
140,hao,"http://purl.obolibrary.org/obo/HAO_0000647,http://purl.obolibrary.org/obo/HAO_0001027"
140,pato,http://purl.obolibrary.org/obo/PATO_0000140
141,hao,http://purl.obolibrary.org/obo/HAO_0000694
141,pato,http://purl.obolibrary.org/obo/PATO_0000070
142,hao,http://purl.obolibrary.org/obo/HAO_0000697
142,pato,http://purl.obolibrary.org/obo/PATO_0000070
143,hao,http://purl.obolibrary.org/obo/HAO_0001204
143,pato,http://purl.obolibrary.org/obo/PATO_0000070
144,hao,http://purl.obolibrary.org/obo/HAO_0001204
144,pato,http://purl.obolibrary.org/obo/PATO_0000141
145,hao,http://purl.obolibrary.org/obo/HAO_0002502
145,pato,http://purl.obolibrary.org/obo/PATO_0000070
146,hao,http://purl.obolibrary.org/obo/HAO_0000252
146,pato,http://purl.obolibrary.org/obo/PATO_0000117
147,hao,http://purl.obolibrary.org/obo/HAO_0000156
147,pato,http://purl.obolibrary.org/obo/PATO_0000070
148,hao,http://purl.obolibrary.org/obo/HAO_0000155
148,pato,http://purl.obolibrary.org/obo/PATO_0000052
149,hao,http://purl.obolibrary.org/obo/HAO_0001481
149,pato,http://purl.obolibrary.org/obo/PATO_0000070
150,hao,http://purl.obolibrary.org/obo/HAO_0000919
150,pato,http://purl.obolibrary.org/obo/PATO_0000141
151,hao,"http://purl.obolibrary.org/obo/HAO_0000574,http://purl.obolibrary.org/obo/HAO_0000188"
151,pato,http://purl.obolibrary.org/obo/PATO_0000070
152,hao,"http://purl.obolibrary.org/obo/HAO_0002502,http://purl.obolibrary.org/obo/HAO_0000918"
152,pato,http://purl.obolibrary.org/obo/PATO_0000140
153,hao,http://purl.obolibrary.org/obo/HAO_0002503
153,hao,http://purl.obolibrary.org/obo/PATO_0000070
154,hao,http://purl.obolibrary.org/obo/HAO_0002504
154,hao,http://purl.obolibrary.org/obo/PATO_0000070
155,hao,http://purl.obolibrary.org/obo/HAO_0000574
155,pato,http://purl.obolibrary.org/obo/PATO_0000141
156,hao,http://purl.obolibrary.org/obo/HAO_0000355
156,pato,http://purl.obolibrary.org/obo/PATO_0000070
157,hao,http://purl.obolibrary.org/obo/HAO_0000757
157,pato,http://purl.obolibrary.org/obo/PATO_0000070
158,hao,http://purl.obolibrary.org/obo/HAO_0000568
158,pato,http://purl.obolibrary.org/obo/PATO_0000070
159,hao,http://purl.obolibrary.org/obo/HAO_0001903
159,pato,http://purl.obolibrary.org/obo/PATO_0000052
160,hao,http://purl.obolibrary.org/obo/HAO_0001903
160,pato,http://purl.obolibrary.org/obo/PATO_0000140
161,hao,http://purl.obolibrary.org/obo/HAO_0001903
161,pato,http://purl.obolibrary.org/obo/PATO_0000117
162,hao,http://purl.obolibrary.org/obo/HAO_0000881
162,pato,http://purl.obolibrary.org/obo/PATO_0000070
163,hao,"http://purl.obolibrary.org/obo/HAO_0000574,http://purl.obolibrary.org/obo/HAO_0000558"
163,pato,http://purl.obolibrary.org/obo/PATO_0000140
164,hao,"http://purl.obolibrary.org/obo/HAO_0000558,http://purl.obolibrary.org/obo/HAO_0000344"
164,pato,http://purl.obolibrary.org/obo/PATO_0000070
165,hao,"http://purl.obolibrary.org/obo/HAO_0000558,http://purl.obolibrary.org/obo/HAO_0000188"
165,pato,http://purl.obolibrary.org/obo/PATO_0000070
166,hao,http://purl.obolibrary.org/obo/HAO_0001353
166,pato,http://purl.obolibrary.org/obo/PATO_0000070
167,hao,http://purl.obolibrary.org/obo/HAO_0001353
167,pato,http://purl.obolibrary.org/obo/PATO_0000070
168,hao,http://purl.obolibrary.org/obo/HAO_0001353
168,pato,http://purl.obolibrary.org/obo/PATO_0000052
169,hao,"http://purl.obolibrary.org/obo/HAO_0000558,http://purl.obolibrary.org/obo/HAO_0000603"
169,pato,http://purl.obolibrary.org/obo/PATO_0000140
170,hao,http://purl.obolibrary.org/obo/HAO_0000567
170,pato,http://purl.obolibrary.org/obo/PATO_0000140
171,hao,http://purl.obolibrary.org/obo/HAO_0000258
171,pato,http://purl.obolibrary.org/obo/PATO_0000070
172,hao,"http://purl.obolibrary.org/obo/HAO_0000993,http://purl.obolibrary.org/obo/HAO_0000853"
172,pato,http://purl.obolibrary.org/obo/PATO_0000140
173,hao,"http://purl.obolibrary.org/obo/HAO_0000993,http://purl.obolibrary.org/obo/HAO_0000853"
173,pato,http://purl.obolibrary.org/obo/PATO_0000140
174,hao,http://purl.obolibrary.org/obo/HAO_0000542
174,pato,http://purl.obolibrary.org/obo/PATO_0000117
175,hao,"http://purl.obolibrary.org/obo/HAO_0002505,http://purl.obolibrary.org/obo/HAO_0000557"
175,pato,http://purl.obolibrary.org/obo/PATO_0000070
176,hao,http://purl.obolibrary.org/obo/HAO_0000811
176,pato,http://purl.obolibrary.org/obo/PATO_0000070
177,hao,http://purl.obolibrary.org/obo/HAO_0000769
177,pato,http://purl.obolibrary.org/obo/PATO_0000140
178,hao,http://purl.obolibrary.org/obo/HAO_0002506
178,pato,http://purl.obolibrary.org/obo/PATO_0000070
179,hao,http://purl.obolibrary.org/obo/HAO_0000537
179,pato,http://purl.obolibrary.org/obo/PATO_0000070
180,hao,"http://purl.obolibrary.org/obo/HAO_0001359,http://purl.obolibrary.org/obo/HAO_0000537"
180,pato,http://purl.obolibrary.org/obo/PATO_0000070
181,hao,"http://purl.obolibrary.org/obo/HAO_0001359,http://purl.obolibrary.org/obo/HAO_0000537"
181,pato,http://purl.obolibrary.org/obo/PATO_0000140
182,hao,http://purl.obolibrary.org/obo/HAO_0001357
182,pato,http://purl.obolibrary.org/obo/PATO_0000070
183,hao,http://purl.obolibrary.org/obo/HAO_0001358
183,pato,http://purl.obolibrary.org/obo/PATO_0000070
184,hao,http://purl.obolibrary.org/obo/HAO_0000562
184,pato,http://purl.obolibrary.org/obo/PATO_0000070
185,hao,http://purl.obolibrary.org/obo/HAO_0001694
185,pato,http://purl.obolibrary.org/obo/PATO_0000070
186,hao,http://purl.obolibrary.org/obo/HAO_0002507
186,pato,http://purl.obolibrary.org/obo/PATO_0000070
187,hao,http://purl.obolibrary.org/obo/HAO_0000292
187,pato,http://purl.obolibrary.org/obo/PATO_0000070
188,hao,http://purl.obolibrary.org/obo/HAO_0000294
188,pato,http://purl.obolibrary.org/obo/PATO_0000070
189,hao,http://purl.obolibrary.org/obo/HAO_0000975
189,pato,http://purl.obolibrary.org/obo/PATO_0000070
190,hao,http://purl.obolibrary.org/obo/HAO_0000560
190,pato,http://purl.obolibrary.org/obo/PATO_0000070
191,hao,http://purl.obolibrary.org/obo/HAO_0000953
191,pato,http://purl.obolibrary.org/obo/PATO_0000070
192,hao,http://purl.obolibrary.org/obo/HAO_0000794
192,pato,http://purl.obolibrary.org/obo/PATO_0000070
193,hao,http://purl.obolibrary.org/obo/HAO_0001785
193,pato,http://purl.obolibrary.org/obo/PATO_0000140
194,hao,http://purl.obolibrary.org/obo/HAO_0001383
194,pato,http://purl.obolibrary.org/obo/PATO_0000070
195,hao,http://purl.obolibrary.org/obo/HAO_0001383
195,pato,http://purl.obolibrary.org/obo/PATO_0000140
196,hao,"http://purl.obolibrary.org/obo/HAO_0000549,http://purl.obolibrary.org/obo/HAO_0001785"
196,pato,http://purl.obolibrary.org/obo/PATO_0000140
197,hao,http://purl.obolibrary.org/obo/HAO_0002508
197,pato,http://purl.obolibrary.org/obo/PATO_0000070
198,hao,http://purl.obolibrary.org/obo/HAO_0000475
198,pato,http://purl.obolibrary.org/obo/PATO_0000052
199,hao,http://purl.obolibrary.org/obo/HAO_0001439
199,pato,http://purl.obolibrary.org/obo/PATO_0000052
200,hao,http://purl.obolibrary.org/obo/HAO_0000548
200,pato,http://purl.obolibrary.org/obo/PATO_0000070
201,hao,http://purl.obolibrary.org/obo/HAO_0000121
201,pato,http://purl.obolibrary.org/obo/PATO_0000070
202,hao,"http://purl.obolibrary.org/obo/HAO_0000475,http://purl.obolibrary.org/obo/HAO_0000566"
202,pato,http://purl.obolibrary.org/obo/PATO_0000140
203,hao,http://purl.obolibrary.org/obo/HAO_0000635
203,pato,http://purl.obolibrary.org/obo/PATO_0000141
204,hao,http://purl.obolibrary.org/obo/HAO_0001368
204,pato,http://purl.obolibrary.org/obo/PATO_0000117
205,hao,http://purl.obolibrary.org/obo/HAO_0001256
205,pato,http://purl.obolibrary.org/obo/PATO_0000117
206,hao,http://purl.obolibrary.org/obo/HAO_0001858
206,pato,http://purl.obolibrary.org/obo/PATO_0000070
207,hao,http://purl.obolibrary.org/obo/HAO_0000603
207,pato,http://purl.obolibrary.org/obo/PATO_0000117
208,hao,"http://purl.obolibrary.org/obo/HAO_0000603,http://purl.obolibrary.org/obo/HAO_0000574"
208,pato,http://purl.obolibrary.org/obo/PATO_0000133
209,hao,http://purl.obolibrary.org/obo/HAO_0000189
209,pato,http://purl.obolibrary.org/obo/PATO_0000070
210,hao,http://purl.obolibrary.org/obo/HAO_0002483
210,pato,http://purl.obolibrary.org/obo/PATO_0000070
211,hao,http://purl.obolibrary.org/obo/HAO_0000404
211,pato,http://purl.obolibrary.org/obo/PATO_0000070
212,hao,http://purl.obolibrary.org/obo/HAO_0000625
212,pato,http://purl.obolibrary.org/obo/PATO_0000070
213,hao,http://purl.obolibrary.org/obo/HAO_0000625
213,pato,http://purl.obolibrary.org/obo/PATO_0000140
214,hao,http://purl.obolibrary.org/obo/HAO_0000603
214,pato,http://purl.obolibrary.org/obo/PATO_0000052
215,hao,http://purl.obolibrary.org/obo/HAO_0000624
215,pato,http://purl.obolibrary.org/obo/PATO_0000070
216,hao,http://purl.obolibrary.org/obo/HAO_0002484
216,pato,http://purl.obolibrary.org/obo/PATO_0000070
217,hao,http://purl.obolibrary.org/obo/HAO_0002485
217,pato,http://purl.obolibrary.org/obo/PATO_0000070
218,hao,"http://purl.obolibrary.org/obo/HAO_0000608,http://purl.obolibrary.org/obo/HAO_0000051"
218,pato,http://purl.obolibrary.org/obo/PATO_0000140
219,hao,"http://purl.obolibrary.org/obo/HAO_0000608,http://purl.obolibrary.org/obo/HAO_0000621"
219,pato,http://purl.obolibrary.org/obo/PATO_0000140
220,hao,http://purl.obolibrary.org/obo/HAO_0002509
220,pato,http://purl.obolibrary.org/obo/PATO_0000070
221,hao,http://purl.obolibrary.org/obo/HAO_0000632
221,pato,http://purl.obolibrary.org/obo/PATO_0000140
222,hao,http://purl.obolibrary.org/obo/HAO_0000632
222,pato,http://purl.obolibrary.org/obo/PATO_0000117
223,hao,http://purl.obolibrary.org/obo/HAO_0002486
223,pato,http://purl.obolibrary.org/obo/PATO_0000070
224,hao,http://purl.obolibrary.org/obo/HAO_0000609
224,pato,http://purl.obolibrary.org/obo/PATO_0000070
225,hao,http://purl.obolibrary.org/obo/HAO_0000612
225,pato,http://purl.obolibrary.org/obo/PATO_0000070
226,hao,http://purl.obolibrary.org/obo/HAO_0000607
226,pato,http://purl.obolibrary.org/obo/PATO_0000070
227,hao,"http://purl.obolibrary.org/obo/HAO_0000621,http://purl.obolibrary.org/obo/HAO_0000566"
227,pato,http://purl.obolibrary.org/obo/PATO_0000140
228,hao,http://purl.obolibrary.org/obo/HAO_0002510
228,pato,http://purl.obolibrary.org/obo/PATO_0000070
229,hao,http://purl.obolibrary.org/obo/HAO_0001378
229,pato,http://purl.obolibrary.org/obo/PATO_0000070
230,hao,http://purl.obolibrary.org/obo/HAO_0001056
230,pato,http://purl.obolibrary.org/obo/PATO_0000070
231,hao,http://purl.obolibrary.org/obo/HAO_0001056
231,pato,http://purl.obolibrary.org/obo/PATO_0000070
232,hao,http://purl.obolibrary.org/obo/HAO_0000684
232,pato,http://purl.obolibrary.org/obo/PATO_0000140
233,hao,http://purl.obolibrary.org/obo/HAO_0000684
233,pato,http://purl.obolibrary.org/obo/PATO_0000070
234,hao,http://purl.obolibrary.org/obo/HAO_0002487
234,pato,http://purl.obolibrary.org/obo/PATO_0000070
235,hao,"http://purl.obolibrary.org/obo/HAO_0000684,http://purl.obolibrary.org/obo/HAO_0002250"
235,pato,http://purl.obolibrary.org/obo/PATO_0000140
236,hao,http://purl.obolibrary.org/obo/HAO_0002488
236,pato,http://purl.obolibrary.org/obo/PATO_0000070
237,hao,"http://purl.obolibrary.org/obo/HAO_0001264,http://purl.obolibrary.org/obo/HAO_0001785"
237,pato,http://purl.obolibrary.org/obo/PATO_0000140
238,hao,http://purl.obolibrary.org/obo/HAO_0001385
238,pato,http://purl.obolibrary.org/obo/PATO_0000117
239,hao,http://purl.obolibrary.org/obo/HAO_0001385
239,pato,http://purl.obolibrary.org/obo/PATO_0000140
240,hao,http://purl.obolibrary.org/obo/HAO_0001414
240,pato,http://purl.obolibrary.org/obo/PATO_0000117
241,hao,http://purl.obolibrary.org/obo/HAO_0002489
241,pato,http://purl.obolibrary.org/obo/PATO_0000070
242,hao,"http://purl.obolibrary.org/obo/HAO_0000594,http://purl.obolibrary.org/obo/HAO_0001264"
242,pato,http://purl.obolibrary.org/obo/PATO_0000140
243,hao,http://purl.obolibrary.org/obo/HAO_0000594
243,pato,http://purl.obolibrary.org/obo/PATO_0000070
244,hao,"http://purl.obolibrary.org/obo/HAO_0000593,http://purl.obolibrary.org/obo/HAO_0000591"
244,pato,http://purl.obolibrary.org/obo/PATO_0000140
245,hao,"http://purl.obolibrary.org/obo/HAO_0000592, http://purl.obolibrary.org/obo/HAO_0000590"
245,pato,http://purl.obolibrary.org/obo/PATO_0000140
246,hao,"http://purl.obolibrary.org/obo/HAO_0000592,http://purl.obolibrary.org/obo/HAO_0000547"
246,pato,http://purl.obolibrary.org/obo/PATO_0000140
247,hao,http://purl.obolibrary.org/obo/HAO_0002490
247,pato,http://purl.obolibrary.org/obo/PATO_0000117
248,hao,"http://purl.obolibrary.org/obo/HAO_0000593,http://purl.obolibrary.org/obo/HAO_0000607"
248,pato,http://purl.obolibrary.org/obo/PATO_0000140
249,hao,http://purl.obolibrary.org/obo/HAO_0001725
249,pato,http://purl.obolibrary.org/obo/PATO_0000070
250,hao,http://purl.obolibrary.org/obo/HAO_0000587
250,pato,http://purl.obolibrary.org/obo/PATO_0000117
251,hao,http://purl.obolibrary.org/obo/HAO_0002491
251,pato,http://purl.obolibrary.org/obo/PATO_0000070
252,hao,http://purl.obolibrary.org/obo/HAO_0002492
252,pato,http://purl.obolibrary.org/obo/PATO_0000070
253,hao,"http://purl.obolibrary.org/obo/HAO_0001686,http://purl.obolibrary.org/obo/HAO_0000631"
253,pato,http://purl.obolibrary.org/obo/PATO_0000070
254,hao,http://purl.obolibrary.org/obo/HAO_0000990
254,pato,http://purl.obolibrary.org/obo/PATO_0000070
255,hao,http://purl.obolibrary.org/obo/HAO_0000051
255,pato,http://purl.obolibrary.org/obo/PATO_0000141
256,hao,"http://purl.obolibrary.org/obo/HAO_0001877,http://purl.obolibrary.org/obo/HAO_0000051"
256,pato,http://purl.obolibrary.org/obo/PATO_0000140
257,hao,http://purl.obolibrary.org/obo/HAO_0002493
257,pato,http://purl.obolibrary.org/obo/PATO_0000070
258,hao,http://purl.obolibrary.org/obo/HAO_0002494
258,pato,http://purl.obolibrary.org/obo/PATO_0000070
259,hao,http://purl.obolibrary.org/obo/HAO_0000606
259,pato,http://purl.obolibrary.org/obo/PATO_0000070
260,hao,http://purl.obolibrary.org/obo/HAO_0000606
260,pato,http://purl.obolibrary.org/obo/PATO_0000141
261,hao,http://purl.obolibrary.org/obo/HAO_0002495
261,pato,http://purl.obolibrary.org/obo/PATO_0000070
262,hao,"http://purl.obolibrary.org/obo/HAO_0000606,http://purl.obolibrary.org/obo/HAO_0000607"
262,pato,http://purl.obolibrary.org/obo/PATO_0000140
263,hao,http://purl.obolibrary.org/obo/HAO_0001877
263,pato,http://purl.obolibrary.org/obo/PATO_0000141
264,hao,http://purl.obolibrary.org/obo/HAO_0002397
264,pato,http://purl.obolibrary.org/obo/PATO_0000070
265,hao,http://purl.obolibrary.org/obo/HAO_0000529
265,pato,http://purl.obolibrary.org/obo/PATO_0000070
266,hao,http://purl.obolibrary.org/obo/HAO_0001652
266,pato,http://purl.obolibrary.org/obo/PATO_0000070
267,hao,http://purl.obolibrary.org/obo/HAO_0000329
267,pato,http://purl.obolibrary.org/obo/PATO_0000052
268,hao,http://purl.obolibrary.org/obo/HAO_0001942
268,pato,http://purl.obolibrary.org/obo/PATO_0000070
269,hao,http://purl.obolibrary.org/obo/HAO_0000329
269,pato,http://purl.obolibrary.org/obo/PATO_0000140
270,hao,http://purl.obolibrary.org/obo/HAO_0000329
270,pato,http://purl.obolibrary.org/obo/PATO_0000140
271,hao,http://purl.obolibrary.org/obo/HAO_0001930
271,pato,http://purl.obolibrary.org/obo/PATO_0000070
272,hao,http://purl.obolibrary.org/obo/HAO_0000865
272,pato,http://purl.obolibrary.org/obo/PATO_0000070
273,hao,"http://purl.obolibrary.org/obo/HAO_0000865,http://purl.obolibrary.org/obo/HAO_0001264"
273,pato,http://purl.obolibrary.org/obo/PATO_0000140
274,hao,"http://purl.obolibrary.org/obo/HAO_0000865,http://purl.obolibrary.org/obo/HAO_0001264"
274,pato,http://purl.obolibrary.org/obo/PATO_0000140
275,hao,http://purl.obolibrary.org/obo/HAO_0000865
275,pato,http://purl.obolibrary.org/obo/PATO_0000052
276,hao,http://purl.obolibrary.org/obo/HAO_0002265
276,pato,http://purl.obolibrary.org/obo/PATO_0000070
277,hao,http://purl.obolibrary.org/obo/HAO_0000866
277,pato,http://purl.obolibrary.org/obo/PATO_0000070
278,hao,http://purl.obolibrary.org/obo/HAO_0000035
278,pato,http://purl.obolibrary.org/obo/PATO_0000070
279,hao,"http://purl.obolibrary.org/obo/HAO_0000035,http://purl.obolibrary.org/obo/HAO_0000053"
279,pato,http://purl.obolibrary.org/obo/PATO_0000141
280,hao,http://purl.obolibrary.org/obo/HAO_0000020
280,pato,http://purl.obolibrary.org/obo/PATO_0000052
281,hao,http://purl.obolibrary.org/obo/HAO_0001734
281,pato,http://purl.obolibrary.org/obo/PATO_0000070
282,hao,http://purl.obolibrary.org/obo/HAO_0001734
282,pato,http://purl.obolibrary.org/obo/PATO_0000117
283,hao,http://purl.obolibrary.org/obo/HAO_0001029
283,pato,http://purl.obolibrary.org/obo/PATO_0000070
284,hao,http://purl.obolibrary.org/obo/HAO_0002496
284,pato,http://purl.obolibrary.org/obo/PATO_0000070
285,hao,http://purl.obolibrary.org/obo/HAO_0000035
285,pato,http://purl.obolibrary.org/obo/PATO_0000141
286,hao,http://purl.obolibrary.org/obo/HAO_0000035
286,pato,http://purl.obolibrary.org/obo/PATO_0000141
287,hao,http://purl.obolibrary.org/obo/HAO_0001882
287,pato,http://purl.obolibrary.org/obo/PATO_0000070
288,hao,http://purl.obolibrary.org/obo/HAO_0001878
288,pato,http://purl.obolibrary.org/obo/PATO_0000070
289,hao,http://purl.obolibrary.org/obo/HAO_0001544
289,pato,http://purl.obolibrary.org/obo/PATO_0000070
290,hao,http://purl.obolibrary.org/obo/HAO_0001578
290,pato,http://purl.obolibrary.org/obo/PATO_0000140
291,hao,http://purl.obolibrary.org/obo/HAO_0001615
291,pato,http://purl.obolibrary.org/obo/PATO_0000070
292,hao,http://purl.obolibrary.org/obo/HAO_0000845
292,pato,http://purl.obolibrary.org/obo/PATO_0000070
293,hao,http://purl.obolibrary.org/obo/HAO_0000849
293,pato,http://purl.obolibrary.org/obo/PATO_0000070
294,hao,http://purl.obolibrary.org/obo/HAO_0001306
294,pato,http://purl.obolibrary.org/obo/PATO_0000070
295,hao,"http://purl.obolibrary.org/obo/HAO_0001801,http://purl.obolibrary.org/obo/HAO_0001707,http://purl.obolibrary.org/obo/HAO_0000846"
295,pato,http://purl.obolibrary.org/obo/PATO_0000070
296,hao,http://purl.obolibrary.org/obo/HAO_0000846
296,pato,http://purl.obolibrary.org/obo/PATO_0000140
297,hao,http://purl.obolibrary.org/obo/HAO_0001397
297,pato,http://purl.obolibrary.org/obo/PATO_0000070
298,hao,http://purl.obolibrary.org/obo/HAO_0001806
298,pato,http://purl.obolibrary.org/obo/PATO_0000070
299,hao,http://purl.obolibrary.org/obo/HAO_0001305
299,pato,http://purl.obolibrary.org/obo/PATO_0000070
300,hao,http://purl.obolibrary.org/obo/HAO_0001698
300,pato,http://purl.obolibrary.org/obo/PATO_0000070
301,hao,http://purl.obolibrary.org/obo/HAO_0001774
301,pato,http://purl.obolibrary.org/obo/PATO_0000070
302,hao,http://purl.obolibrary.org/obo/HAO_0000528
302,pato,http://purl.obolibrary.org/obo/PATO_0000140
303,hao,http://purl.obolibrary.org/obo/HAO_0001309
303,pato,http://purl.obolibrary.org/obo/PATO_0000070
304,hao,http://purl.obolibrary.org/obo/HAO_0001664
304,pato,http://purl.obolibrary.org/obo/PATO_0000070
305,hao,http://purl.obolibrary.org/obo/HAO_0000255
305,pato,http://purl.obolibrary.org/obo/PATO_0000070
306,hao,http://purl.obolibrary.org/obo/HAO_0000579
306,pato,http://purl.obolibrary.org/obo/PATO_0000140
307,hao,http://purl.obolibrary.org/obo/HAO_0001645
307,pato,http://purl.obolibrary.org/obo/PATO_0000070
308,hao,http://purl.obolibrary.org/obo/HAO_0001643
308,pato,http://purl.obolibrary.org/obo/PATO_0000070
309,hao,http://purl.obolibrary.org/obo/HAO_0001644
309,pato,http://purl.obolibrary.org/obo/PATO_0000070
310,hao,http://purl.obolibrary.org/obo/HAO_0001440
310,pato,http://purl.obolibrary.org/obo/PATO_0000070
311,hao,http://purl.obolibrary.org/obo/HAO_0000754
311,pato,http://purl.obolibrary.org/obo/PATO_0000070
312,hao,http://purl.obolibrary.org/obo/HAO_0001169
312,pato,http://purl.obolibrary.org/obo/PATO_0000070
313,hao,http://purl.obolibrary.org/obo/HAO_0001302
313,pato,http://purl.obolibrary.org/obo/PATO_0000140
314,hao,http://purl.obolibrary.org/obo/HAO_0000924
314,pato,http://purl.obolibrary.org/obo/PATO_0000140
315,hao,http://purl.obolibrary.org/obo/HAO_0000435
315,pato,http://purl.obolibrary.org/obo/PATO_0000070
316,hao,http://purl.obolibrary.org/obo/HAO_0001582
316,pato,http://purl.obolibrary.org/obo/PATO_0000070
317,hao,http://purl.obolibrary.org/obo/HAO_0001629
317,pato,http://purl.obolibrary.org/obo/PATO_0000070
318,hao,http://purl.obolibrary.org/obo/HAO_0001743
318,pato,http://purl.obolibrary.org/obo/PATO_0000070
319,hao,http://purl.obolibrary.org/obo/HAO_0000544
319,pato,http://purl.obolibrary.org/obo/PATO_0000070
320,hao,http://purl.obolibrary.org/obo/HAO_0000755
320,pato,http://purl.obolibrary.org/obo/PATO_0000070
321,hao,http://purl.obolibrary.org/obo/HAO_0000564
321,pato,http://purl.obolibrary.org/obo/PATO_0000140
322,hao,http://purl.obolibrary.org/obo/HAO_0000565
322,pato,http://purl.obolibrary.org/obo/PATO_0000070
323,hao,http://purl.obolibrary.org/obo/HAO_0000753
323,pato,http://purl.obolibrary.org/obo/PATO_0000070
324,hao,http://purl.obolibrary.org/obo/HAO_0000476
324,pato,http://purl.obolibrary.org/obo/PATO_0000070
325,hao,http://purl.obolibrary.org/obo/HAO_0000521
325,pato,http://purl.obolibrary.org/obo/PATO_0000070
326,hao,http://purl.obolibrary.org/obo/HAO_0000521
326,pato,http://purl.obolibrary.org/obo/PATO_0000140
327,hao,http://purl.obolibrary.org/obo/HAO_0000552
327,pato,http://purl.obolibrary.org/obo/PATO_0000070
328,hao,http://purl.obolibrary.org/obo/HAO_0000577
328,pato,http://purl.obolibrary.org/obo/PATO_0000070
329,hao,http://purl.obolibrary.org/obo/HAO_0001642
329,pato,http://purl.obolibrary.org/obo/PATO_0000070
330,hao,http://purl.obolibrary.org/obo/HAO_0001373
330,pato,http://purl.obolibrary.org/obo/PATO_0000070
331,hao,http://purl.obolibrary.org/obo/HAO_0001373
331,pato,http://purl.obolibrary.org/obo/PATO_0000140
332,hao,http://purl.obolibrary.org/obo/HAO_0001738
332,pato,http://purl.obolibrary.org/obo/PATO_0000070
333,hao,http://purl.obolibrary.org/obo/HAO_0002478
333,pato,http://purl.obolibrary.org/obo/PATO_0000070
334,hao,http://purl.obolibrary.org/obo/HAO_0001641
334,pato,http://purl.obolibrary.org/obo/PATO_0000070
335,hao,http://purl.obolibrary.org/obo/HAO_0001819
335,pato,http://purl.obolibrary.org/obo/PATO_0000070
336,hao,http://purl.obolibrary.org/obo/HAO_0000602
336,pato,http://purl.obolibrary.org/obo/PATO_0000070
337,hao,http://purl.obolibrary.org/obo/HAO_0001445
337,pato,http://purl.obolibrary.org/obo/PATO_0000140
338,hao,http://purl.obolibrary.org/obo/HAO_0001406
338,pato,http://purl.obolibrary.org/obo/PATO_0000070
339,hao,http://purl.obolibrary.org/obo/HAO_0001344
339,pato,http://purl.obolibrary.org/obo/PATO_0000070
340,hao,http://purl.obolibrary.org/obo/HAO_0001581
340,pato,http://purl.obolibrary.org/obo/PATO_0000070
341,hao,http://purl.obolibrary.org/obo/HAO_0000589
341,pato,http://purl.obolibrary.org/obo/PATO_0000070
342,hao,http://purl.obolibrary.org/obo/HAO_0001744
342,pato,http://purl.obolibrary.org/obo/PATO_0000070
343,hao,http://purl.obolibrary.org/obo/HAO_0001745
343,pato,http://purl.obolibrary.org/obo/PATO_0000070
344,hao,http://purl.obolibrary.org/obo/HAO_0000478
344,pato,http://purl.obolibrary.org/obo/PATO_0000140
345,hao,http://purl.obolibrary.org/obo/HAO_0000478
345,pato,http://purl.obolibrary.org/obo/PATO_0000140
346,hao,http://purl.obolibrary.org/obo/HAO_0001794
346,pato,http://purl.obolibrary.org/obo/PATO_0000070
347,hao,http://purl.obolibrary.org/obo/HAO_0001684
347,pato,http://purl.obolibrary.org/obo/PATO_0000070
348,hao,http://purl.obolibrary.org/obo/HAO_0000619
348,pato,http://purl.obolibrary.org/obo/PATO_0000140
349,hao,http://purl.obolibrary.org/obo/HAO_0001685
349,pato,http://purl.obolibrary.org/obo/PATO_0000070
350,hao,http://purl.obolibrary.org/obo/HAO_0002284
350,pato,http://purl.obolibrary.org/obo/PATO_0000070
351,hao,http://purl.obolibrary.org/obo/HAO_0000243
351,pato,http://purl.obolibrary.org/obo/PATO_0000140
352,hao,"http://purl.obolibrary.org/obo/HAO_0001522,http://purl.obolibrary.org/obo/HAO_0000351"
352,pato,http://purl.obolibrary.org/obo/PATO_0000150
353,hao,"http://purl.obolibrary.org/obo/HAO_0000225,http://purl.obolibrary.org/obo/HAO_0000783,http://purl.obolibrary.org/obo/HAO_0000351"
353,pato,http://purl.obolibrary.org/obo/PATO_0000140
354,hao,"http://purl.obolibrary.org/obo/HAO_0000237,http://purl.obolibrary.org/obo/HAO_0000351"
354,pato,http://purl.obolibrary.org/obo/PATO_0000052
355,hao,"http://purl.obolibrary.org/obo/HAO_0000225,http://purl.obolibrary.org/obo/HAO_0000351"
355,pato,http://purl.obolibrary.org/obo/PATO_0000070
356,hao,"http://purl.obolibrary.org/obo/HAO_0000957,http://purl.obolibrary.org/obo/HAO_0000351"
356,pato,http://purl.obolibrary.org/obo/PATO_0000070
357,hao,"http://purl.obolibrary.org/obo/HAO_0000967,http://purl.obolibrary.org/obo/HAO_0000351"
357,pato,http://purl.obolibrary.org/obo/PATO_0000070
358,hao,"http://purl.obolibrary.org/obo/HAO_0000888,http://purl.obolibrary.org/obo/HAO_0000351"
358,pato,http://purl.obolibrary.org/obo/PATO_0000070
359,hao,"http://purl.obolibrary.org/obo/HAO_0000093,http://purl.obolibrary.org/obo/HAO_0000351"
359,pato,http://purl.obolibrary.org/obo/PATO_0000070
360,hao,http://purl.obolibrary.org/obo/HAO_0002511
360,pato,http://purl.obolibrary.org/obo/PATO_0000070
361,hao,"http://purl.obolibrary.org/obo/HAO_0000225,http://purl.obolibrary.org/obo/HAO_0000400"
361,pato,http://purl.obolibrary.org/obo/PATO_0000070
362,hao,http://purl.obolibrary.org/obo/HAO_0001522
362,pato,http://purl.obolibrary.org/obo/PATO_0000070
363,hao,"http://purl.obolibrary.org/obo/HAO_0000967,http://purl.obolibrary.org/obo/HAO_0000400"
363,pato,http://purl.obolibrary.org/obo/PATO_0000070
364,hao,"http://purl.obolibrary.org/obo/HAO_0000890,http://purl.obolibrary.org/obo/HAO_0000400"
364,pato,http://purl.obolibrary.org/obo/PATO_0000070
365,hao,"http://purl.obolibrary.org/obo/HAO_0000170,http://purl.obolibrary.org/obo/HAO_0000400"
365,pato,http://purl.obolibrary.org/obo/PATO_0000070
366,hao,"http://purl.obolibrary.org/obo/HAO_0000237,http://purl.obolibrary.org/obo/HAO_0000519,http://purl.obolibrary.org/obo/HAO_0000400"
366,pato,http://purl.obolibrary.org/obo/PATO_0000140
367,hao,"ttp://purl.obolibrary.org/obo/HAO_0001977,http://purl.obolibrary.org/obo/HAO_0000400"
367,pato,http://purl.obolibrary.org/obo/PATO_0000052
368,hao,"ttp://purl.obolibrary.org/obo/HAO_0001977,http://purl.obolibrary.org/obo/HAO_0001522,http://purl.obolibrary.org/obo/HAO_0000400"
368,pato,http://purl.obolibrary.org/obo/PATO_0000140
369,hao,"http://purl.obolibrary.org/obo/HAO_0000226,http://purl.obolibrary.org/obo/HAO_0000400"
369,pato,http://purl.obolibrary.org/obo/PATO_0000140
370,hao,"http://purl.obolibrary.org/obo/HAO_0000394,http://purl.obolibrary.org/obo/HAO_0000400"
370,pato,http://purl.obolibrary.org/obo/PATO_0000070
371,hao,"http://purl.obolibrary.org/obo/HAO_0000903,http://purl.obolibrary.org/obo/HAO_0000400"
371,pato,http://purl.obolibrary.org/obo/PATO_0000070
372,hao,"http://purl.obolibrary.org/obo/HAO_0000909,http://purl.obolibrary.org/obo/HAO_0000400"
372,pato,http://purl.obolibrary.org/obo/PATO_0000070
373,hao,http://purl.obolibrary.org/obo/HAO_0002069
373,pato,http://purl.obolibrary.org/obo/PATO_0000070
374,hao,http://purl.obolibrary.org/obo/HAO_0001018
374,pato,http://purl.obolibrary.org/obo/PATO_0000052
375,hao,http://purl.obolibrary.org/obo/HAO_0001053
375,pato,http://purl.obolibrary.org/obo/PATO_0000070
376,hao,http://purl.obolibrary.org/obo/HAO_0001053
376,pato,http://purl.obolibrary.org/obo/PATO_0000150
377,hao,"http://purl.obolibrary.org/obo/HAO_0001106,"
377,pato,http://purl.obolibrary.org/obo/HAO_0000903
378,hao,http://purl.obolibrary.org/obo/HAO_0001121
378,pato,http://purl.obolibrary.org/obo/PATO_0000052
379,hao,"http://purl.obolibrary.org/obo/HAO_0000933,http://purl.obolibrary.org/obo/HAO_0001351"
379,pato,http://purl.obolibrary.org/obo/PATO_0000070
380,hao,http://purl.obolibrary.org/obo/HAO_0001120
380,pato,http://purl.obolibrary.org/obo/PATO_0000052
381,hao,"http://purl.obolibrary.org/obo/HAO_0000933,http://purl.obolibrary.org/obo/HAO_0000350"
381,pato,http://purl.obolibrary.org/obo/PATO_0000070
382,hao,"http://purl.obolibrary.org/obo/HAO_0000933,http://purl.obolibrary.org/obo/HAO_0000631"
382,pato,http://purl.obolibrary.org/obo/PATO_0000070
383,hao,"http://purl.obolibrary.org/obo/HAO_0001686,http://purl.obolibrary.org/obo/HAO_0001351"
383,pato,http://purl.obolibrary.org/obo/PATO_0000070
384,hao,http://purl.obolibrary.org/obo/HAO_0001456
384,pato,http://purl.obolibrary.org/obo/PATO_0000070
385,hao,"http://purl.obolibrary.org/obo/HAO_0000057,http://purl.obolibrary.org/obo/HAO_0000037,http://purl.obolibrary.org/obo/HAO_0000058,http://purl.obolibrary.org/obo/HAO_0000038"
385,pato,http://purl.obolibrary.org/obo/PATO_0000140
386,hao,http://purl.obolibrary.org/obo/HAO_0000378
386,pato,http://purl.obolibrary.org/obo/PATO_0000070
387,hao,http://purl.obolibrary.org/obo/HAO_0002497
387,pato,http://purl.obolibrary.org/obo/PATO_0000070
388,hao,"http://purl.obolibrary.org/obo/HAO_0001538,http://purl.obolibrary.org/obo/HAO_0001418,http://purl.obolibrary.org/obo/HAO_0001536,http://purl.obolibrary.org/obo/HAO_0001419,http://purl.obolibrary.org/obo/HAO_0001420,http://purl.obolibrary.org/obo/HAO_0001421,http://purl.obolibrary.org/obo/HAO_0001422"
388,pato,http://purl.obolibrary.org/obo/PATO_0000070
389,hao,http://purl.obolibrary.org/obo/HAO_0000035
389,pato,http://purl.obolibrary.org/obo/PATO_0000141
390,hao,"http://purl.obolibrary.org/obo/HAO_0000053,http://purl.obolibrary.org/obo/HAO_0000056"
390,pato,http://purl.obolibrary.org/obo/PATO_0000140
391,hao,http://purl.obolibrary.org/obo/HAO_0001117
391,pato,http://purl.obolibrary.org/obo/PATO_0000070
392,hao,http://purl.obolibrary.org/obo/HAO_0001768
392,pato,http://purl.obolibrary.org/obo/PATO_0000141
393,hao,http://purl.obolibrary.org/obo/HAO_0000679
393,pato,http://purl.obolibrary.org/obo/PATO_0000052
394,hao,http://purl.obolibrary.org/obo/HAO_0002498
394,pato,http://purl.obolibrary.org/obo/PATO_0000070
395,hao,http://purl.obolibrary.org/obo/HAO_0001012
395,pato,http://purl.obolibrary.org/obo/PATO_0000141
396,hao,http://purl.obolibrary.org/obo/HAO_0001619
396,pato,http://purl.obolibrary.org/obo/PATO_0000070
397,hao,http://purl.obolibrary.org/obo/HAO_0000927
397,pato,http://purl.obolibrary.org/obo/PATO_0000070
398,hao,http://purl.obolibrary.org/obo/HAO_0002499
398,pato,http://purl.obolibrary.org/obo/PATO_0000070
399,GO,http://purl.obolibrary.org/obo/GO_0072519
399,pato,http://purl.obolibrary.org/obo/PATO_0000070
400,omit,http://purl.obolibrary.org/obo/OMIT_0027773
400,pato,http://purl.obolibrary.org/obo/PATO_0000070
401,uberon,http://purl.obolibrary.org/obo/UBERON_0012245
401,pato,http://purl.obolibrary.org/obo/PATO_0000070
402,hao,http://purl.obolibrary.org/obo/HAO_0000939
402,pato,http://purl.obolibrary.org/obo/PATO_0000070